 {
     "resourceId": "c655100d-fe30-4ad6-8bf6-c2cd3751439c",
        "name" : "communicationPreferences",
        "description": "Communication Preferences Set Type",
        "entityType": "Person",
        "businessUnit": [
            "pbm", "specialty"
        ],
        "preferenceTypes": [
            {
                "relativeId": "90eb3782-d345-4e1a-9144-ff66e8d62e3d",
                "valueType": "option",
                "structType": "PostalAddress",
                "defaultValue": "mail",
                "preferenceName": "preferredContactMechanism",
                "description": "Preferred Contact Mechanism",
                "polarSourceId": "498548",
                "polarProductId": "9038689903",
                "polarTypeCode": "101",
                "options": [
                    {
                        "name": "electronic",
                        "description": "Electronic Address Contact Mechanism",
                        "polarOptionId": "28"
                    },
                    {
                        "name": "phone",
                        "description": "Phone Number Contact Mechanism",
                        "polarOptionId": "20"
                    },
                    {
                        "name": "mail",
                        "description": "Postal Address Contact Mechanism",
                        "polarOptionId": "16"
                    }
                ]
            },
            {
                "relativeId": "13b30cee-1371-449f-a556-00425686e1c9",
                "valueType": "uuid",
                "structType": "postalAddress",
                "preferenceName": "preferredShippingAddress",
                "description": "Preferred Shipping Address",
                "polarSourceId": "84752",
                "polarProductId": "9465493477",
                "polarTypeCode": "122"
            }
        ]
 }
