[
  {
    "resourceId": "a40e577c-e455-4d29-ae07-04ff33c834f4",
    "entityId": "c8ba658e-372c-11e7-a919-92ebcb67fe39",
    "preferenceSetTypeId": "d64a30fe-0d10-55c6-9c43-5137cdc2f68b",
    "name": "communicationPreferences",
    "preferences": [
      {
        "relativeId": "7855bd8a-411f-4da0-9ab1-d75a6acdb290",
        "preferenceTypeId": "1a4e45d3-8237-eb90-3d2e-d6e866ff4491",
        "name": "preferredContactMechanism",
        "value": "Mail"
      }
    ]
  },
  {
    "resourceId": "088d6e54-8223-4c23-8cb8-312ac117c254",
    "entityId": "487a76c1-4276-4ccf-b4ee-884c8ecc7543",
    "preferenceSetTypeId": "d64a30fe-0d10-55c6-9c43-5137cdc2f68b",
    "name": "communicationPreferences",
    "preferences": [
      {
        "relativeId": "1e33ff93-5b62-4ebc-83f0-63fc45ab15e7",
        "preferenceTypeId": "1a4e45d3-8237-eb90-3d2e-d6e866ff4491",
        "name": "preferredContactMechanism",
        "value": "Mail"
      },
      {
        "relativeId": "b005c185-1186-486a-8dca-1d0eebe76910",
        "preferenceTypeId": "d6fe58c0-b2e8-4778-a518-e3ebef8de4cf",
        "name": "preferredPostalAddress",
        "value": "87ad09c9-6f90-4b03-a512-64debbecf55a"
      },
      {
        "relativeId": "46bd5429-5f9b-4b73-97ca-1611d08f681e",
        "preferenceTypeId": "b462a9c8-512c-4196-91af-df47b38d115f",
        "name": "doNotPhoneIndicator",
        "value": "true"
      }
    ]
  },
  {
    "resourceId": "1a40c50d-7930-472c-b5a9-467d96567023",
    "entityId": "487a76c1-4276-4ccf-b4ee-884c8ecc7543",
    "preferenceSetTypeId": "d64a30fe-0d10-55c6-9c43-5137cdc2f68b",
    "name": "communicationPreferences",
    "preferences": [
      {
        "relativeId": "bec04118-1803-48db-b0b7-34689e8d659a",
        "preferenceTypeId": "1a4e45d3-8237-eb90-3d2e-d6e866ff4491",
        "name": "preferredContactMechanism",
        "value": "Mail"
      },
      {
        "relativeId": "d1a5ef6b-081d-42b3-97f7-4193c1485c7f",
        "preferenceTypeId": "d6fe58c0-b2e8-4778-a518-e3ebef8de4cf",
        "name": "preferredPostalAddress",
        "value": "87ad09c9-6f90-4b03-a512-64debbecf55a"
      },
      {
        "relativeId": "16b9d2d0-557f-46ec-aace-ae47f52dd386",
        "preferenceTypeId": "b462a9c8-512c-4196-91af-df47b38d115f",
        "name": "doNotPhoneIndicator",
        "value": "true"
      }
    ]
  }
]