{
	"id": "598d37b6-68a4-c604-7f6c-175b357866f5",
	"name": "MDM-Services",
	"description": "",
	"order": [],
	"folders": [
		{
			"id": "93b67efb-8e2c-6e0d-4a66-da5db813c7de",
			"name": "MDM getPerson",
			"description": "Used for GET 1 by MDM ID",
			"order": [
				"4c365c79-20fe-2e86-ed41-289edbaf6c69",
				"1c76e91b-f94e-0eff-73c6-201c23101ce1"
			],
			"owner": 0
		},
		{
			"id": "ae64cca6-f37e-22f3-9703-27691b430ee0",
			"name": "MDM getPrescriberContactInfo",
			"description": "",
			"order": [
				"05a330db-9022-e961-12b4-d8962f91eaa4",
				"8be6e9eb-c25a-26ba-47d9-c2739ecf6073",
				"88cc400a-9a5d-0364-5117-0b81bdba4e56",
				"b894a570-571c-dd6c-c735-7c744982743e"
			],
			"owner": 0
		},
		{
			"id": "e503fb2b-1e62-3ba1-86f5-33c3b1fb8bad",
			"name": "MDM getPrescriberDetails",
			"description": "",
			"order": [
				"2f34e16d-1e06-6afd-bbca-87727a64b1f0",
				"207f0b4c-0c24-9bd8-411f-18d24f9e9f3e",
				"1e0545c7-9937-3af8-f683-cceee52bd6d0"
			],
			"owner": 0
		},
		{
			"id": "e8c43260-0ad3-073e-caa5-5fd9e37a0254",
			"name": "MDM maintainPrescriber",
			"description": "",
			"order": [
				"3130171b-ebf1-d236-48e4-4cbae001ca85",
				"4d7fa6f1-60aa-60cf-5b31-08b7ff82f52c"
			],
			"owner": 0
		},
		{
			"id": "f86ff225-14d4-da39-0fa4-3e918d0a48b6",
			"name": "MDM maintainPrescriberContactInfo",
			"description": "",
			"order": [
				"fdbb3ff9-a75d-ac73-2f8a-d69370ae711b"
			],
			"owner": 0
		},
		{
			"id": "fbd13063-c841-2e9d-6143-f5f6a3fbf71d",
			"name": "MDM searchPerson",
			"description": "",
			"order": [
				"47f8e356-e311-3311-a346-ff8bfb79fcfe",
				"43f6fc93-f85d-9361-05c7-8b70ae2fe12d",
				"1d0cf1d1-3364-0bba-e0fa-4fb93f1fb21e",
				"4ac3360a-a6a9-146e-da71-c655bd8a1136",
				"1afccc2d-2b88-31de-3c55-d0adf462f284",
				"f19f13de-7ee9-6159-eb35-266299052ecb",
				"1119093d-468c-4ece-389c-83ec4ff514a5",
				"4948c758-2c0d-ce85-0e52-840cad69c14b",
				"36421db7-2476-66ee-5819-4a4969417f73",
				"6ddab413-4914-bd4f-2891-5e7dd1cf21cf",
				"f749939d-bebb-aa96-9ec4-c2ec0ed41e7f",
				"f0eb28af-2f8a-5730-da2d-3a5f23be00d0",
				"ec5cd925-b096-776e-a00f-ac4aa8304ef3",
				"96cdd139-7f0a-3c67-9594-0b22ccec4593",
				"b5726352-91ff-ae9e-699a-0d3d195e6a7d",
				"bac0d8fe-3396-0a46-8117-2b442d33c86b",
				"49ca677d-66f5-5a84-e90c-e194a21e6b20",
				"2cf5f352-d882-186f-d725-deec5c86f0a7",
				"970b71a3-c80b-b3ea-a0b3-475a44571f4e",
				"3fac6df3-af7f-c58f-b290-f589b4e49816",
				"ea88d630-549f-6eb4-6d99-2b00e519beee",
				"d6dc444c-1800-eb8e-70f5-723f7fedcffc"
			],
			"owner": 0,
			"collectionId": "598d37b6-68a4-c604-7f6c-175b357866f5"
		}
	],
	"timestamp": 1483573025869,
	"owner": 0,
	"public": false,
	"requests": [
		{
			"id": "05a330db-9022-e961-12b4-d8962f91eaa4",
			"headers": "TRANSACTION_ID: 0\nCALLER_ID: 0\nORIG_CALLER_ID: 0\nAuthorization: Basic ZHVtbXk6ZHVtbXk=\nContent-Type: application/xml\n",
			"url": "http://mdmdev.medco.com/MDMHttpAdapter/ProcessRequest",
			"preRequestScript": null,
			"pathVariables": {},
			"method": "POST",
			"data": [],
			"dataMode": "raw",
			"version": 2,
			"tests": null,
			"currentHelper": "normal",
			"helperAttributes": {},
			"time": 1484164328917,
			"name": "MDM getPrescriberContactInfo by NPI",
			"description": "Valid NPIs\n----------\n1013911668\n",
			"collectionId": "598d37b6-68a4-c604-7f6c-175b357866f5",
			"responses": [],
			"folder": "ae64cca6-f37e-22f3-9703-27691b430ee0",
			"rawModeData": "<?xml version=\"1.0\" encoding=\"UTF-8\"?>\r\n<TCRMService xsi:noNamespaceSchemaLocation=\"myTCRM.xsd\" xmlns:xsi=\"http://www.w3.org/2001/XMLSchema-instance\">\r\n<RequestControl>\r\n<requestID>1000000</requestID>\r\n<DWLControl>\r\n<requesterName>MuleService</requesterName>\r\n<requesterLanguage>100</requesterLanguage>\r\n<lineOfBusiness>1000013</lineOfBusiness>\r\n<clientSystemName>TMW</clientSystemName>\r\n<sessionId>201303021204</sessionId>\r\n</DWLControl>\r\n</RequestControl>\r\n<TCRMInquiry>\r\n<InquiryType>getPrescriberContactInfo</InquiryType>\r\n<InquiryParam>\r\n<tcrmParam name=\"InquiryLevel\">106</tcrmParam>\r\n<tcrmParam name=\"PrescriberId\">1043308695</tcrmParam>\r\n<tcrmParam name=\"PrescriberQualifier\">NPI</tcrmParam>\r\n<tcrmParam name=\"StateCode\"/>\r\n<tcrmParam name=\"LastName\"/>\r\n<tcrmParam name=\"ZipCode\"/>\r\n</InquiryParam>\r\n</TCRMInquiry>\r\n</TCRMService>\r\n"
		},
		{
			"id": "1119093d-468c-4ece-389c-83ec4ff514a5",
			"headers": "TRANSACTION_ID: 0\nCALLER_ID: 0\nORIG_CALLER_ID: 0\nAuthorization: Basic ZHVtbXk6ZHVtbXk=\nContent-Type: application/xml\n",
			"url": "http://mdmdev.medco.com/MDMHttpAdapter/ProcessRequest",
			"preRequestScript": null,
			"pathVariables": {},
			"method": "POST",
			"data": [],
			"dataMode": "raw",
			"tests": null,
			"currentHelper": "normal",
			"helperAttributes": {},
			"time": 1487366062196,
			"name": "MDM searchPerson by partial name and state",
			"description": "",
			"collectionId": "598d37b6-68a4-c604-7f6c-175b357866f5",
			"responses": [],
			"rawModeData": "<?xml version=\"1.0\" encoding=\"UTF-8\"?>\r\n<TCRMService xmlns:xsi=\"http://www.w3.org/2001/XMLSchema-instance\"\r\n xsi:noNamespaceSchemaLocation=\"myTCRM.xsd\">\r\n<RequestControl>\r\n<requestID>1000000</requestID>\r\n<DWLControl>\r\n<requesterName>MuleService</requesterName>\r\n<requesterLanguage>100</requesterLanguage>\r\n<lineOfBusiness>Medical</lineOfBusiness>\r\n<clientTransactionName>SearchPrescriber</clientTransactionName>\r\n<clientSystemName>eSD</clientSystemName>\r\n<sessionId>201303021204</sessionId>\r\n</DWLControl>\r\n</RequestControl>\r\n<TCRMTx>\r\n<TCRMTxType>searchPerson</TCRMTxType>\r\n<TCRMTxObject>TCRMPersonSearchBObj</TCRMTxObject>\r\n<TCRMObject>\r\n<TCRMPersonSearchBObj>\r\n<MaxReturn>100</MaxReturn>\r\n<GivenNameOne>PAU</GivenNameOne>\r\n<LastName>MAR</LastName>\r\n<ContactMethodReferenceNumber></ContactMethodReferenceNumber>\r\n<CityName></CityName>\r\n<ProvStateType>37</ProvStateType>\r\n<ZipPostalCode></ZipPostalCode>\r\n<InquiryLevel>101</InquiryLevel>\r\n<TCRMExtension>\r\n<ExtendedObject>XPersonSearchBObjExt</ExtendedObject>\r\n<XPersonSearchBObjExt>\r\n</XPersonSearchBObjExt>\r\n</TCRMExtension>\r\n</TCRMPersonSearchBObj>\r\n</TCRMObject>\r\n</TCRMTx>\r\n</TCRMService>\r\n"
		},
		{
			"id": "1afccc2d-2b88-31de-3c55-d0adf462f284",
			"headers": "TRANSACTION_ID: 0\nCALLER_ID: 0\nORIG_CALLER_ID: 0\nContent-Type: application/xml\nAuthorization: Basic ZHVtbXk6ZHVtbXk=\n",
			"url": "http://mdmdev.medco.com/MDMHttpAdapter/ProcessRequest",
			"preRequestScript": null,
			"pathVariables": {},
			"method": "POST",
			"data": [],
			"dataMode": "raw",
			"tests": null,
			"currentHelper": "normal",
			"helperAttributes": {},
			"time": 1486085764910,
			"name": "MDM searchPerson by name",
			"description": "",
			"collectionId": "598d37b6-68a4-c604-7f6c-175b357866f5",
			"responses": [],
			"folder": "fbd13063-c841-2e9d-6143-f5f6a3fbf71d",
			"rawModeData": "<?xml version=\"1.0\" encoding=\"UTF-8\"?>\r\n<TCRMService xmlns:xsi=\"http://www.w3.org/2001/XMLSchema-instance\"\r\n xsi:noNamespaceSchemaLocation=\"myTCRM.xsd\">\r\n<RequestControl>\r\n<requestID>1000000</requestID>\r\n<DWLControl>\r\n<requesterName>MuleService</requesterName>\r\n<requesterLanguage>100</requesterLanguage>\r\n<lineOfBusiness>Medical</lineOfBusiness>\r\n<clientTransactionName>SearchPrescriber</clientTransactionName>\r\n<clientSystemName>eSD</clientSystemName>\r\n<sessionId>201303021204</sessionId>\r\n</DWLControl>\r\n</RequestControl>\r\n<TCRMTx>\r\n<TCRMTxType>searchPerson</TCRMTxType>\r\n<TCRMTxObject>TCRMPersonSearchBObj</TCRMTxObject>\r\n<TCRMObject>\r\n<TCRMPersonSearchBObj>\r\n<MaxReturn>100</MaxReturn>\r\n<GivenNameOne>MARK</GivenNameOne>\r\n<LastName>JAMESON</LastName>\r\n<ContactMethodReferenceNumber></ContactMethodReferenceNumber>\r\n<CityName></CityName>\r\n<ZipPostalCode></ZipPostalCode>\r\n<InquiryLevel>101</InquiryLevel>\r\n<TCRMExtension>\r\n<ExtendedObject>XPersonSearchBObjExt</ExtendedObject>\r\n<XPersonSearchBObjExt>\r\n</XPersonSearchBObjExt>\r\n</TCRMExtension>\r\n</TCRMPersonSearchBObj>\r\n</TCRMObject>\r\n</TCRMTx>\r\n</TCRMService>\r\n"
		},
		{
			"id": "1c76e91b-f94e-0eff-73c6-201c23101ce1",
			"headers": "Content-Type: application/xml\nTRANSACTION_ID: 0\nCALLER_ID: 0\nORIG_CALLER_ID: 0\nAuthorization: Basic ZHVtbXk6ZHVtbXk=\n",
			"url": "http://mdmdev.medco.com/MDMHttpAdapter/ProcessRequest",
			"pathVariables": {},
			"preRequestScript": null,
			"method": "POST",
			"collectionId": "598d37b6-68a4-c604-7f6c-175b357866f5",
			"data": [],
			"dataMode": "raw",
			"name": "MDM getPerson scratch 1",
			"description": "http://mdmdev.medco.com/MDMHttpAdapter/ProcessRequest",
			"descriptionFormat": "html",
			"time": 1484709352708,
			"version": 2,
			"responses": [],
			"tests": null,
			"currentHelper": "normal",
			"helperAttributes": {},
			"folder": "93b67efb-8e2c-6e0d-4a66-da5db813c7de",
			"rawModeData": "<?xml version=\"1.0\" encoding=\"UTF-8\"?>\r\n<TCRMService xmlns:xsi=\"http://www.w3.org/2001/XMLSchema-instance\"\r\n xsi:noNamespaceSchemaLocation=\"myTCRM.xsd\">\r\n <RequestControl>\r\n  <requestID>100129</requestID>\r\n  <DWLControl>\r\n   <requesterName>EDM-Transformation</requesterName>\r\n   <requesterLanguage>100</requesterLanguage>\r\n   <lineOfBusiness>Medical</lineOfBusiness>\r\n   <clientTransactionName>EDM</clientTransactionName>\r\n   <clientSystemName>OutreachPortal</clientSystemName>\r\n  </DWLControl>\r\n </RequestControl>\r\n <TCRMInquiry>\r\n  <InquiryType>getPerson</InquiryType>\r\n  <InquiryParam>\r\n   <tcrmParam name=\"PartyId\">148747853704437951</tcrmParam>\r\n   <tcrmParam name=\"InquiryLevel\">101</tcrmParam>\r\n  </InquiryParam>\r\n </TCRMInquiry>\r\n</TCRMService>"
		},
		{
			"id": "1d0cf1d1-3364-0bba-e0fa-4fb93f1fb21e",
			"headers": "Content-Type: application/xml\nTRANSACTION_ID: 0\nCALLER_ID: 0\nORIG_CALLER_ID: 0\nAuthorization: Basic ZHVtbXk6ZHVtbXk=\n",
			"url": "http://mdmdev.medco.com/MDMHttpAdapter/ProcessRequest",
			"preRequestScript": null,
			"pathVariables": {},
			"method": "POST",
			"data": [],
			"dataMode": "raw",
			"tests": null,
			"currentHelper": "normal",
			"helperAttributes": {},
			"time": 1487264001376,
			"name": "MDM searchPerson by DEA",
			"description": "",
			"collectionId": "598d37b6-68a4-c604-7f6c-175b357866f5",
			"responses": [],
			"rawModeData": "<?xml version=\"1.0\" encoding=\"UTF-8\"?>\r\n<TCRMService xmlns:xsi=\"http://www.w3.org/2001/XMLSchema-instance\"\r\n xsi:noNamespaceSchemaLocation=\"myTCRM.xsd\">\r\n<RequestControl>\r\n<requestID>1000000</requestID>\r\n<DWLControl>\r\n<requesterName>MuleService</requesterName>\r\n<requesterLanguage>100</requesterLanguage>\r\n<lineOfBusiness>Medical</lineOfBusiness>\r\n<clientTransactionName>SearchPrescriber</clientTransactionName>\r\n<clientSystemName>eSD</clientSystemName>\r\n<sessionId>201303021204</sessionId>\r\n</DWLControl>\r\n</RequestControl>\r\n<TCRMTx>\r\n<TCRMTxType>searchPerson</TCRMTxType>\r\n<TCRMTxObject>TCRMPersonSearchBObj</TCRMTxObject>\r\n<TCRMObject>\r\n<TCRMPersonSearchBObj>\r\n<MaxReturn>100</MaxReturn>\r\n<InquiryLevel>101</InquiryLevel>\r\n<TCRMExtension>\r\n<ExtendedObject>XPersonSearchBObjExt</ExtendedObject>\r\n<XPersonSearchBObjExt>\r\n<TCRMPartyIdentificationBObj>\r\n<IdentificationType>1000004</IdentificationType>\r\n<IdentificationNumber>MG1432498</IdentificationNumber>\r\n<TCRMExtension>\r\n<ExtendedObject>XPartyIdentificationBObjExt</ExtendedObject>\r\n<XPartyIdentificationBObjExt>\r\n<ProvinceStateType></ProvinceStateType>\r\n</XPartyIdentificationBObjExt>\r\n</TCRMExtension>\r\n</TCRMPartyIdentificationBObj>\r\n</XPersonSearchBObjExt>\r\n</TCRMExtension>\r\n</TCRMPersonSearchBObj>\r\n</TCRMObject>\r\n</TCRMTx>\r\n</TCRMService>"
		},
		{
			"id": "1e0545c7-9937-3af8-f683-cceee52bd6d0",
			"headers": "TRANSACTION_ID: 0\nCALLER_ID: 0\nORIG_CALLER_ID: 0\nContent-Type: application/xml\nAuthorization: Basic ZHVtbXk6ZHVtbXk=\n",
			"url": "http://mdmdev.medco.com/MDMHttpAdapter/ProcessRequest",
			"preRequestScript": null,
			"pathVariables": {},
			"method": "POST",
			"data": [],
			"dataMode": "raw",
			"version": 2,
			"tests": null,
			"currentHelper": "normal",
			"helperAttributes": {},
			"time": 1488829966763,
			"name": "MDM by NPI copy 2",
			"description": "",
			"collectionId": "598d37b6-68a4-c604-7f6c-175b357866f5",
			"responses": [],
			"rawModeData": "<?xml version=\"1.0\" encoding=\"UTF-8\"?>\r\n<TCRMService xmlns:xsi=\"http://www.w3.org/2001/XMLSchema-instance\"\r\n\txsi:noNamespaceSchemaLocation=\"myTCRM.xsd\">\r\n\t<RequestControl>\r\n\t\t<requestID>1000000</requestID>\r\n\t\t<DWLControl>\r\n\t\t\t<requesterName>MuleService</requesterName>\r\n\t\t\t<requesterLanguage>100</requesterLanguage>\r\n\t\t\t<lineOfBusiness>1000013</lineOfBusiness>\r\n\t\t\t<clientSystemName>TMW</clientSystemName>\r\n\t\t\t<sessionId>201303021204</sessionId>\r\n\t\t</DWLControl>\r\n\t</RequestControl>\r\n\t<TCRMInquiry>\r\n\t\t<InquiryType>getPrescriberDetails</InquiryType>\r\n\t\t<InquiryParam>\r\n\t\t\t<tcrmParam name=\"InquiryLevel\">106</tcrmParam>\r\n\t\t\t<tcrmParam name=\"PrescriberId\">8912345600</tcrmParam>\r\n\t\t\t<tcrmParam name=\"PrescriberQualifier\">NPI</tcrmParam>\r\n\t\t\t<tcrmParam name=\"StateCode\"></tcrmParam>\r\n\t\t\t<tcrmParam name=\"LastName\"></tcrmParam>\r\n\t\t\t<tcrmParam name=\"ZipCode\"></tcrmParam>\r\n\t\t</InquiryParam>\r\n\t</TCRMInquiry>\r\n</TCRMService>\r\n"
		},
		{
			"id": "207f0b4c-0c24-9bd8-411f-18d24f9e9f3e",
			"headers": "TRANSACTION_ID: 0\nCALLER_ID: 0\nORIG_CALLER_ID: 0\nContent-Type: application/xml\nAuthorization: Basic ZHVtbXk6ZHVtbXk=\n",
			"url": "http://mdmdev.medco.com/MDMHttpAdapter/ProcessRequest",
			"preRequestScript": null,
			"pathVariables": {},
			"method": "POST",
			"data": [],
			"dataMode": "raw",
			"version": 2,
			"tests": null,
			"currentHelper": "normal",
			"helperAttributes": {},
			"time": 1487300905654,
			"name": "MDM by DEA (fails)",
			"description": "",
			"collectionId": "598d37b6-68a4-c604-7f6c-175b357866f5",
			"responses": [],
			"rawModeData": "<?xml version=\"1.0\" encoding=\"UTF-8\"?>\n<TCRMService xmlns:xsi=\"http://www.w3.org/2001/XMLSchema-instance\"\n\txsi:noNamespaceSchemaLocation=\"myTCRM.xsd\">\n    <RequestControl>\n        <requestID>1000000</requestID>\n        <DWLControl>\n            <requesterName>MuleService</requesterName>\n            <requesterLanguage>100</requesterLanguage>\n            <lineOfBusiness>1000013</lineOfBusiness>\n            <clientSystemName>TMW</clientSystemName>\n            <sessionId>201303021204</sessionId>\n        </DWLControl>\n    </RequestControl>\n    <TCRMInquiry>\n        <InquiryType>getPrescriberDetails</InquiryType>\n        <InquiryParam>\n            <tcrmParam name=\"InquiryLevel\">106</tcrmParam>\n   \t\t\t<tcrmParam name=\"PrescriberId\">MG1432498</tcrmParam>\n\t\t\t<tcrmParam name=\"PrescriberQualifier\">DEA</tcrmParam>\n\t\t\t<tcrmParam name=\"StateCode\"></tcrmParam>\n            <tcrmParam name=\"LastName\"></tcrmParam>\n            <tcrmParam name=\"ZipCode\"></tcrmParam>\n        </InquiryParam>\n    </TCRMInquiry>\n</TCRMService>"
		},
		{
			"id": "2cf5f352-d882-186f-d725-deec5c86f0a7",
			"headers": "TRANSACTION_ID: 0\nCALLER_ID: 0\nORIG_CALLER_ID: 0\nAuthorization: Basic ZHVtbXk6ZHVtbXk=\nContent-Type: application/xml\n",
			"url": "http://mdmdev.medco.com/MDMHttpAdapter/ProcessRequest",
			"preRequestScript": null,
			"pathVariables": {},
			"method": "POST",
			"data": [],
			"dataMode": "raw",
			"tests": null,
			"currentHelper": "normal",
			"helperAttributes": {},
			"time": 1486787217086,
			"name": "MDM searchPerson by NPI scratch 3",
			"description": "",
			"collectionId": "598d37b6-68a4-c604-7f6c-175b357866f5",
			"responses": [],
			"rawModeData": "<?xml version=\"1.0\" encoding=\"UTF-8\"?>\r\n<TCRMService xmlns:xsi=\"http://www.w3.org/2001/XMLSchema-instance\"\r\n xsi:noNamespaceSchemaLocation=\"myTCRM.xsd\">\r\n<RequestControl>\r\n<requestID>1000000</requestID>\r\n<DWLControl>\r\n<requesterName>MuleService</requesterName>\r\n<requesterLanguage>100</requesterLanguage>\r\n<lineOfBusiness>Medical</lineOfBusiness>\r\n<clientTransactionName>SearchPrescriber</clientTransactionName>\r\n<clientSystemName>eSD</clientSystemName>\r\n<sessionId>201303021204</sessionId>\r\n</DWLControl>\r\n</RequestControl>\r\n<TCRMTx>\r\n<TCRMTxType>searchPerson</TCRMTxType>\r\n<TCRMTxObject>TCRMPersonSearchBObj</TCRMTxObject>\r\n<TCRMObject>\r\n<TCRMPersonSearchBObj>\r\n<MaxReturn>100</MaxReturn>\r\n<GivenNameOne></GivenNameOne>\r\n<LastName></LastName>\r\n<ContactMethodReferenceNumber></ContactMethodReferenceNumber>\r\n<CityName></CityName>\r\n<ZipPostalCode></ZipPostalCode>\r\n<InquiryLevel>105</InquiryLevel>\r\n<TCRMExtension>\r\n<ExtendedObject>XPersonSearchBObjExt</ExtendedObject>\r\n<XPersonSearchBObjExt>\r\n<TCRMPartyIdentificationBObj>\r\n<IdentificationType>1000003</IdentificationType>\r\n<IdentificationNumber>8945646545</IdentificationNumber>\r\n<TCRMExtension>\r\n<ExtendedObject>XPartyIdentificationBObjExt</ExtendedObject>\r\n<XPartyIdentificationBObjExt>\r\n<ProvinceStateType></ProvinceStateType>\r\n</XPartyIdentificationBObjExt>\r\n</TCRMExtension>\r\n</TCRMPartyIdentificationBObj>\r\n</XPersonSearchBObjExt>\r\n</TCRMExtension>\r\n</TCRMPersonSearchBObj>\r\n</TCRMObject>\r\n</TCRMTx>\r\n</TCRMService>\r\n"
		},
		{
			"id": "2f34e16d-1e06-6afd-bbca-87727a64b1f0",
			"headers": "TRANSACTION_ID: 0\nCALLER_ID: 0\nORIG_CALLER_ID: 0\nContent-Type: application/xml\nAuthorization: Basic ZHVtbXk6ZHVtbXk=\n",
			"url": "http://mdmdev.medco.com/MDMHttpAdapter/ProcessRequest",
			"preRequestScript": null,
			"pathVariables": {},
			"method": "POST",
			"data": [],
			"dataMode": "raw",
			"version": 2,
			"tests": null,
			"currentHelper": "normal",
			"helperAttributes": {},
			"time": 1487300891316,
			"name": "MDM by NPI",
			"description": "1013911668\n1043308695\n1114920761\n7676676776 (has both NPI and DEA)\n",
			"collectionId": "598d37b6-68a4-c604-7f6c-175b357866f5",
			"responses": [],
			"rawModeData": "<?xml version=\"1.0\" encoding=\"UTF-8\"?>\r\n<TCRMService xmlns:xsi=\"http://www.w3.org/2001/XMLSchema-instance\"\r\n\txsi:noNamespaceSchemaLocation=\"myTCRM.xsd\">\r\n\t<RequestControl>\r\n\t\t<requestID>1000000</requestID>\r\n\t\t<DWLControl>\r\n\t\t\t<requesterName>MuleService</requesterName>\r\n\t\t\t<requesterLanguage>100</requesterLanguage>\r\n\t\t\t<lineOfBusiness>1000013</lineOfBusiness>\r\n\t\t\t<clientSystemName>TMW</clientSystemName>\r\n\t\t\t<sessionId>201303021204</sessionId>\r\n\t\t</DWLControl>\r\n\t</RequestControl>\r\n\t<TCRMInquiry>\r\n\t\t<InquiryType>getPrescriberDetails</InquiryType>\r\n\t\t<InquiryParam>\r\n\t\t\t<tcrmParam name=\"InquiryLevel\">106</tcrmParam>\r\n\t\t\t<tcrmParam name=\"PrescriberId\">1013911668</tcrmParam>\r\n\t\t\t<tcrmParam name=\"PrescriberQualifier\">NPI</tcrmParam>\r\n\t\t\t<tcrmParam name=\"StateCode\"></tcrmParam>\r\n\t\t\t<tcrmParam name=\"LastName\"></tcrmParam>\r\n\t\t\t<tcrmParam name=\"ZipCode\"></tcrmParam>\r\n\t\t</InquiryParam>\r\n\t</TCRMInquiry>\r\n</TCRMService>\r\n"
		},
		{
			"id": "3130171b-ebf1-d236-48e4-4cbae001ca85",
			"headers": "Content-Type: application/xml\nCALLER_ID: 0\nORIG_CALLER_ID: 0\nTRANSACTION_ID: 0\n",
			"url": "http://mdmdev.medco.com/MDMHttpAdapter/ProcessRequest",
			"preRequestScript": null,
			"pathVariables": {},
			"method": "POST",
			"data": [],
			"dataMode": "raw",
			"tests": null,
			"currentHelper": "normal",
			"helperAttributes": {},
			"time": 1484171141066,
			"name": "MDM maintainPrescriber",
			"description": "http://mdmdev.medco.com/MDMHttpAdapter/ProcessRequest\n",
			"collectionId": "598d37b6-68a4-c604-7f6c-175b357866f5",
			"responses": [],
			"folder": "e8c43260-0ad3-073e-caa5-5fd9e37a0254",
			"rawModeData": "<?xml version=\"1.0\" encoding=\"UTF-8\"?>\r\n<TCRMService xmlns:xsi=\"http://www.w3.org/2001/XMLSchema-instance\" xsi:noNamespaceSchemaLocation=\"myTCRM.xsd\">\r\n   <RequestControl>\r\n      <requestID>18876</requestID>\r\n      <DWLControl>\r\n         <requesterName>ETL-CMS</requesterName>\r\n         <requesterLanguage>100</requesterLanguage>\r\n         <lineOfBusiness>Prescriber</lineOfBusiness>\r\n         <clientTransactionName>maintainPrescriber</clientTransactionName>\r\n         <clientSystemName>Prescriber CMS NPI</clientSystemName>\r\n         <sessionId>20161101094924</sessionId>\r\n      </DWLControl>\r\n   </RequestControl>\r\n   <TCRMTx>\r\n      <TCRMTxType>maintainPrescriber</TCRMTxType>\r\n      <TCRMTxObject>XPhysicianBObj</TCRMTxObject>\r\n      <TCRMObject>\r\n         <TCRMExtension>\r\n            <XPhysicianBObj>\r\n               <TCRMPersonBObj>\r\n                  <ComputerAccessType>1000002</ComputerAccessType>\r\n\t\t\t\t   <TCRMPartyAddressBObj>\r\n\t\t\t\t\t\t\t<ObjectReferenceId>STD</ObjectReferenceId>\r\n\t\t\t\t\t\t\t<AddressUsageType>1000001</AddressUsageType>\r\n\t\t\t\t\t\t\t<StartDate>2016-10-18 00:52:26</StartDate>\r\n\t\t\t\t\t\t\t<TCRMExtension>\r\n\t\t\t\t\t\t\t\t<ExtendedObject>XPartyAddressBObjExt</ExtendedObject>\r\n\t\t\t\t\t\t\t\t<XPartyAddressBObjExt>\r\n\t\t\t\t\t\t\t\t\t<XSourceType>1000078</XSourceType>\r\n\t\t\t\t\t\t\t\t\t<XLegacyUpdateDate>2016-10-18 00:52:26</XLegacyUpdateDate>\r\n\t\t\t\t\t\t\t\t</XPartyAddressBObjExt>\r\n\t\t\t\t\t\t\t</TCRMExtension>\r\n\t\t\t\t\t\t\t<TCRMAddressBObj>\r\n\t\t\t\t\t\t\t\t<AddressLineOne>900 EXPRESS WAY</AddressLineOne>\r\n\t\t\t\t\t\t\t\t<City>LIBERTY</City>\r\n\t\t\t\t\t\t\t\t<ZipPostalCode>64068</ZipPostalCode>\r\n\t\t\t\t\t\t\t\t<ProvinceStateType>30</ProvinceStateType>\r\n\t\t\t\t\t\t\t\t<CountryType></CountryType>\r\n\t\t\t\t\t\t\t\t<Region></Region>\r\n\t                             <TCRMExtension>\r\n\t\t\t\t\t\t\t\t\t<ExtendedObject></ExtendedObject>\r\n\t\t\t\t\t\t\t\t</TCRMExtension>\r\n\t\t\t\t\t\t\t</TCRMAddressBObj>\r\n\t\t\t\t\t\t\t\r\n\t\t\t\t\t\t</TCRMPartyAddressBObj>\r\n\r\n                  <TCRMPartyIdentificationBObj>\r\n                     <IdentificationType>1000003</IdentificationType>\r\n                     <IdentificationNumber>123456789</IdentificationNumber>\r\n                     <TCRMExtension>\r\n                        <ExtendedObject>XPartyIdentificationBObjExt</ExtendedObject>\r\n                        <XPartyIdentificationBObjExt>\r\n\t\t\t\t\t\t<XVerificationSourceType>1000002</XVerificationSourceType>\r\n                           <XLegacyUpdateDate>2016-11-01 09:49:24</XLegacyUpdateDate>\r\n                        </XPartyIdentificationBObjExt>\r\n                     </TCRMExtension>\r\n                  </TCRMPartyIdentificationBObj>\r\n               \r\n                 \r\n                  <TCRMPersonNameBObj>\r\n                     <NameUsageType>1000001</NameUsageType>\r\n                     <GivenNameOne>Ashwani</GivenNameOne>\r\n                     <LastName>Kumar</LastName>\r\n                     <SourceIdentifierType>1000002</SourceIdentifierType>\r\n                     <TCRMExtension>\r\n                        <ExtendedObject>XPersonNameBObjExt</ExtendedObject>\r\n                        <XPersonNameBObjExt>\r\n                           <XLegacyUpdateDate>2016-11-01 09:49:24</XLegacyUpdateDate>\r\n                        </XPersonNameBObjExt>\r\n                     </TCRMExtension>\r\n                  </TCRMPersonNameBObj>\r\n               </TCRMPersonBObj>\r\n              \r\n            </XPhysicianBObj>\r\n         </TCRMExtension>\r\n      </TCRMObject>\r\n   </TCRMTx>\r\n</TCRMService>\r\n"
		},
		{
			"id": "36421db7-2476-66ee-5819-4a4969417f73",
			"headers": "TRANSACTION_ID: 0\nCALLER_ID: 0\nORIG_CALLER_ID: 0\nAuthorization: Basic ZHVtbXk6ZHVtbXk=\nContent-Type: application/xml\n",
			"url": "http://mdmdev.medco.com/MDMHttpAdapter/ProcessRequest",
			"pathVariables": {},
			"preRequestScript": null,
			"method": "POST",
			"collectionId": "598d37b6-68a4-c604-7f6c-175b357866f5",
			"data": [],
			"dataMode": "raw",
			"name": "MDM searchPerson by phone and city",
			"description": "",
			"descriptionFormat": "html",
			"time": 1486501538099,
			"version": 2,
			"responses": [],
			"tests": null,
			"currentHelper": "normal",
			"helperAttributes": {},
			"folder": "fbd13063-c841-2e9d-6143-f5f6a3fbf71d",
			"rawModeData": "<?xml version=\"1.0\" encoding=\"UTF-8\"?>\r\n<TCRMService xmlns:xsi=\"http://www.w3.org/2001/XMLSchema-instance\"\r\n xsi:noNamespaceSchemaLocation=\"myTCRM.xsd\">\r\n<RequestControl>\r\n<requestID>1000000</requestID>\r\n<DWLControl>\r\n<requesterName>MuleService</requesterName>\r\n<requesterLanguage>100</requesterLanguage>\r\n<lineOfBusiness>Medical</lineOfBusiness>\r\n<clientTransactionName>SearchPrescriber</clientTransactionName>\r\n<clientSystemName>eSD</clientSystemName>\r\n<sessionId>201303021204</sessionId>\r\n</DWLControl>\r\n</RequestControl>\r\n<TCRMTx>\r\n<TCRMTxType>searchPerson</TCRMTxType>\r\n<TCRMTxObject>TCRMPersonSearchBObj</TCRMTxObject>\r\n<TCRMObject>\r\n<TCRMPersonSearchBObj>\r\n<MaxReturn>100</MaxReturn>\r\n<GivenNameOne></GivenNameOne>\r\n<LastName></LastName>\r\n<ContactMethodReferenceNumber>1234567890</ContactMethodReferenceNumber>\r\n<CityName>New York</CityName>\r\n<ZipPostalCode></ZipPostalCode>\r\n<InquiryLevel>101</InquiryLevel>\r\n<TCRMExtension>\r\n<ExtendedObject>XPersonSearchBObjExt</ExtendedObject>\r\n<XPersonSearchBObjExt>\r\n</XPersonSearchBObjExt>\r\n</TCRMExtension>\r\n</TCRMPersonSearchBObj>\r\n</TCRMObject>\r\n</TCRMTx>\r\n</TCRMService>\r\n"
		},
		{
			"id": "3fac6df3-af7f-c58f-b290-f589b4e49816",
			"headers": "TRANSACTION_ID: 0\nCALLER_ID: 0\nORIG_CALLER_ID: 0\nContent-Type: application/xml\nAuthorization: Basic ZHVtbXk6ZHVtbXk=\n",
			"url": "http://mdmdev.medco.com/MDMHttpAdapter/ProcessRequest",
			"preRequestScript": null,
			"pathVariables": {},
			"method": "POST",
			"data": [],
			"dataMode": "raw",
			"tests": null,
			"currentHelper": "normal",
			"helperAttributes": {},
			"time": 1491336483693,
			"name": "MDM searchPerson by name copy",
			"description": "",
			"collectionId": "598d37b6-68a4-c604-7f6c-175b357866f5",
			"responses": [],
			"rawModeData": "<?xml version=\"1.0\" encoding=\"UTF-8\"?>\r\n<TCRMService xmlns:xsi=\"http://www.w3.org/2001/XMLSchema-instance\"\r\n xsi:noNamespaceSchemaLocation=\"myTCRM.xsd\">\r\n<RequestControl>\r\n<requestID>1000000</requestID>\r\n<DWLControl>\r\n<requesterName>MuleService</requesterName>\r\n<requesterLanguage>100</requesterLanguage>\r\n<lineOfBusiness>Medical</lineOfBusiness>\r\n<clientTransactionName>SearchPrescriber</clientTransactionName>\r\n<clientSystemName>eSD</clientSystemName>\r\n<sessionId>201303021204</sessionId>\r\n</DWLControl>\r\n</RequestControl>\r\n<TCRMTx>\r\n<TCRMTxType>searchPerson</TCRMTxType>\r\n<TCRMTxObject>TCRMPersonSearchBObj</TCRMTxObject>\r\n<TCRMObject>\r\n<TCRMPersonSearchBObj>\r\n<MaxReturn>100</MaxReturn>\r\n<GivenNameOne>mar</GivenNameOne>\r\n<LastName>bay</LastName>\r\n<ContactMethodReferenceNumber></ContactMethodReferenceNumber>\r\n<CityName></CityName>\r\n<ZipPostalCode></ZipPostalCode>\r\n<InquiryLevel>105</InquiryLevel>\r\n<TCRMExtension>\r\n<ExtendedObject>XPersonSearchBObjExt</ExtendedObject>\r\n<XPersonSearchBObjExt>\r\n</XPersonSearchBObjExt>\r\n</TCRMExtension>\r\n</TCRMPersonSearchBObj>\r\n</TCRMObject>\r\n</TCRMTx>\r\n</TCRMService>\r\n"
		},
		{
			"id": "43f6fc93-f85d-9361-05c7-8b70ae2fe12d",
			"headers": "TRANSACTION_ID: 0\nCALLER_ID: 0\nORIG_CALLER_ID: 0\nAuthorization: Basic ZHVtbXk6ZHVtbXk=\nContent-Type: application/xml\n",
			"url": "http://mdmdev.medco.com/MDMHttpAdapter/ProcessRequest",
			"preRequestScript": null,
			"pathVariables": {},
			"method": "POST",
			"data": [],
			"dataMode": "raw",
			"tests": null,
			"currentHelper": "normal",
			"helperAttributes": {},
			"time": 1484712189663,
			"name": "MDM searchPerson by NPI",
			"description": "",
			"collectionId": "598d37b6-68a4-c604-7f6c-175b357866f5",
			"responses": [],
			"folder": "fbd13063-c841-2e9d-6143-f5f6a3fbf71d",
			"rawModeData": "<?xml version=\"1.0\" encoding=\"UTF-8\"?>\r\n<TCRMService xmlns:xsi=\"http://www.w3.org/2001/XMLSchema-instance\"\r\n xsi:noNamespaceSchemaLocation=\"myTCRM.xsd\">\r\n<RequestControl>\r\n<requestID>1000000</requestID>\r\n<DWLControl>\r\n<requesterName>MuleService</requesterName>\r\n<requesterLanguage>100</requesterLanguage>\r\n<lineOfBusiness>Medical</lineOfBusiness>\r\n<clientTransactionName>SearchPrescriber</clientTransactionName>\r\n<clientSystemName>eSD</clientSystemName>\r\n<sessionId>201303021204</sessionId>\r\n</DWLControl>\r\n</RequestControl>\r\n<TCRMTx>\r\n<TCRMTxType>searchPerson</TCRMTxType>\r\n<TCRMTxObject>TCRMPersonSearchBObj</TCRMTxObject>\r\n<TCRMObject>\r\n<TCRMPersonSearchBObj>\r\n<MaxReturn>100</MaxReturn>\r\n<GivenNameOne></GivenNameOne>\r\n<LastName></LastName>\r\n<ContactMethodReferenceNumber></ContactMethodReferenceNumber>\r\n<CityName></CityName>\r\n<ZipPostalCode></ZipPostalCode>\r\n<InquiryLevel>105</InquiryLevel>\r\n<TCRMExtension>\r\n<ExtendedObject>XPersonSearchBObjExt</ExtendedObject>\r\n<XPersonSearchBObjExt>\r\n<TCRMPartyIdentificationBObj>\r\n<IdentificationType>1000003</IdentificationType>\r\n<IdentificationNumber>1013911668</IdentificationNumber>\r\n<TCRMExtension>\r\n<ExtendedObject>XPartyIdentificationBObjExt</ExtendedObject>\r\n<XPartyIdentificationBObjExt>\r\n<ProvinceStateType></ProvinceStateType>\r\n</XPartyIdentificationBObjExt>\r\n</TCRMExtension>\r\n</TCRMPartyIdentificationBObj>\r\n</XPersonSearchBObjExt>\r\n</TCRMExtension>\r\n</TCRMPersonSearchBObj>\r\n</TCRMObject>\r\n</TCRMTx>\r\n</TCRMService>\r\n"
		},
		{
			"id": "47f8e356-e311-3311-a346-ff8bfb79fcfe",
			"headers": "Content-Type: application/xml\n",
			"url": "SearchPrescriber request template",
			"pathVariables": {},
			"preRequestScript": null,
			"method": "POST",
			"collectionId": "598d37b6-68a4-c604-7f6c-175b357866f5",
			"data": [],
			"dataMode": "raw",
			"name": "Request Tempate: MDM SearchPrescriber",
			"description": "",
			"descriptionFormat": "html",
			"time": 1486510384499,
			"version": 2,
			"responses": [],
			"tests": null,
			"currentHelper": "normal",
			"helperAttributes": {},
			"folder": "fbd13063-c841-2e9d-6143-f5f6a3fbf71d",
			"rawModeData": "<?xml version=\"1.0\" encoding=\"UTF-8\"?>\r\n<TCRMService xmlns:xsi=\"http://www.w3.org/2001/XMLSchema-instance\"\r\n xsi:noNamespaceSchemaLocation=\"myTCRM.xsd\">\r\n<RequestControl>\r\n<requestID>1000000</requestID>\r\n<DWLControl>\r\n<requesterName>MuleService</requesterName>\r\n<requesterLanguage>100</requesterLanguage>\r\n<lineOfBusiness>Medical</lineOfBusiness>\r\n<clientTransactionName>SearchPrescriber</clientTransactionName>\r\n<clientSystemName>eSD</clientSystemName>\r\n<sessionId>201303021204</sessionId>\r\n</DWLControl>\r\n</RequestControl>\r\n<TCRMTx>\r\n<TCRMTxType>searchPerson</TCRMTxType>\r\n<TCRMTxObject>TCRMPersonSearchBObj</TCRMTxObject>\r\n<TCRMObject>\r\n<TCRMPersonSearchBObj>\r\n<MaxReturn>100</MaxReturn>\r\n<GivenNameOne></GivenNameOne>\r\n<LastName></LastName>\r\n<DateOfBirth></DateOfBirth>\r\n<Gender></Gender>\r\n<PartyId></PartyId>\r\n<ContactMethodReferenceNumber></ContactMethodReferenceNumber>\r\n<ContactMethodType></ContactMethodType>\r\n<AddrLineOne></AddrLineOne>\r\n<CityName></CityName>\r\n<ProvStateType></ProvStateType>\r\n<ZipPostalCode></ZipPostalCode>\r\n<CountryType></CountryType>\r\n<InquiryLevel>101</InquiryLevel>\r\n<TCRMExtension>\r\n<ExtendedObject>XPersonSearchBObjExt</ExtendedObject>\r\n<XPersonSearchBObjExt>\r\n<TCRMPartyIdentificationBObj>\r\n<IdentificationType></IdentificationType>\r\n<IdentificationNumber></IdentificationNumber>\r\n<TCRMExtension>\r\n<ExtendedObject>XPartyIdentificationBObjExt</ExtendedObject>\r\n<XPartyIdentificationBObjExt>\r\n<ProvinceStateType></ProvinceStateType>\r\n</XPartyIdentificationBObjExt>\r\n</TCRMExtension>\r\n</TCRMPartyIdentificationBObj>\r\n</XPersonSearchBObjExt>\r\n</TCRMExtension>\r\n</TCRMPersonSearchBObj>\r\n</TCRMObject>\r\n</TCRMTx>\r\n</TCRMService>"
		},
		{
			"id": "4948c758-2c0d-ce85-0e52-840cad69c14b",
			"headers": "Content-Type: application/xml\nTRANSACTION_ID: 0\nCALLER_ID: 0\nORIG_CALLER_ID: 0\nAuthorization: Basic ZHVtbXk6ZHVtbXk=\n",
			"url": "http://mdmdev.medco.com/MDMHttpAdapter/ProcessRequest",
			"preRequestScript": null,
			"pathVariables": {},
			"method": "POST",
			"data": [],
			"dataMode": "raw",
			"tests": null,
			"currentHelper": "normal",
			"helperAttributes": {},
			"time": 1486085729538,
			"name": "MDM searchPerson by phone",
			"description": "",
			"collectionId": "598d37b6-68a4-c604-7f6c-175b357866f5",
			"responses": [],
			"folder": "fbd13063-c841-2e9d-6143-f5f6a3fbf71d",
			"rawModeData": "<?xml version=\"1.0\" encoding=\"UTF-8\"?>\r\n<TCRMService xmlns:xsi=\"http://www.w3.org/2001/XMLSchema-instance\"\r\n xsi:noNamespaceSchemaLocation=\"myTCRM.xsd\">\r\n<RequestControl>\r\n<requestID>1000000</requestID>\r\n<DWLControl>\r\n<requesterName>MuleService</requesterName>\r\n<requesterLanguage>100</requesterLanguage>\r\n<lineOfBusiness>Medical</lineOfBusiness>\r\n<clientTransactionName>SearchPrescriber</clientTransactionName>\r\n<clientSystemName>eSD</clientSystemName>\r\n<sessionId>201303021204</sessionId>\r\n</DWLControl>\r\n</RequestControl>\r\n<TCRMTx>\r\n<TCRMTxType>searchPerson</TCRMTxType>\r\n<TCRMTxObject>TCRMPersonSearchBObj</TCRMTxObject>\r\n<TCRMObject>\r\n<TCRMPersonSearchBObj>\r\n<MaxReturn>100</MaxReturn>\r\n<GivenNameOne></GivenNameOne>\r\n<LastName></LastName>\r\n<ContactMethodReferenceNumber>1234567890</ContactMethodReferenceNumber>\r\n<CityName></CityName>\r\n<ZipPostalCode></ZipPostalCode>\r\n<InquiryLevel>101</InquiryLevel>\r\n<TCRMExtension>\r\n<ExtendedObject>XPersonSearchBObjExt</ExtendedObject>\r\n<XPersonSearchBObjExt>\r\n</XPersonSearchBObjExt>\r\n</TCRMExtension>\r\n</TCRMPersonSearchBObj>\r\n</TCRMObject>\r\n</TCRMTx>\r\n</TCRMService>\r\n"
		},
		{
			"id": "49ca677d-66f5-5a84-e90c-e194a21e6b20",
			"headers": "TRANSACTION_ID: 0\nCALLER_ID: 0\nORIG_CALLER_ID: 0\nAuthorization: Basic ZHVtbXk6ZHVtbXk=\nContent-Type: application/xml\n",
			"url": "http://mdmdev.medco.com/MDMHttpAdapter/ProcessRequest",
			"preRequestScript": null,
			"pathVariables": {},
			"method": "POST",
			"data": [],
			"dataMode": "raw",
			"version": 2,
			"tests": null,
			"currentHelper": "normal",
			"helperAttributes": {},
			"time": 1485878421716,
			"name": "MDM searchPerson by state license scratch 2",
			"description": "Values with data:\r\nC70005125  9\r\nC70005212  45\r\n",
			"collectionId": "598d37b6-68a4-c604-7f6c-175b357866f5",
			"responses": [],
			"folder": "fbd13063-c841-2e9d-6143-f5f6a3fbf71d",
			"rawModeData": "<?xml version=\"1.0\" encoding=\"UTF-8\"?>\r\n<TCRMService xmlns:xsi=\"http://www.w3.org/2001/XMLSchema-instance\"\r\n xsi:noNamespaceSchemaLocation=\"myTCRM.xsd\">\r\n<RequestControl>\r\n<requestID>1000000</requestID>\r\n<DWLControl>\r\n<requesterName>MuleService</requesterName>\r\n<requesterLanguage>100</requesterLanguage>\r\n<lineOfBusiness>Medical</lineOfBusiness>\r\n<clientTransactionName>SearchPrescriber</clientTransactionName>\r\n<clientSystemName>eSD</clientSystemName>\r\n<sessionId>201303021204</sessionId>\r\n</DWLControl>\r\n</RequestControl>\r\n<TCRMTx>\r\n<TCRMTxType>searchPerson</TCRMTxType>\r\n<TCRMTxObject>TCRMPersonSearchBObj</TCRMTxObject>\r\n<TCRMObject>\r\n<TCRMPersonSearchBObj>\r\n<MaxReturn>100</MaxReturn>\r\n<InquiryLevel>101</InquiryLevel>\r\n<TCRMExtension>\r\n<ExtendedObject>XPersonSearchBObjExt</ExtendedObject>\r\n<XPersonSearchBObjExt>\r\n<TCRMPartyIdentificationBObj>\r\n<IdentificationType>1000006</IdentificationType>\r\n<IdentificationNumber>C70005212</IdentificationNumber>\r\n<TCRMExtension>\r\n<ExtendedObject>XPartyIdentificationBObjExt</ExtendedObject>\r\n<XPartyIdentificationBObjExt>\r\n<ProvinceStateType>45</ProvinceStateType>\r\n</XPartyIdentificationBObjExt>\r\n</TCRMExtension>\r\n</TCRMPartyIdentificationBObj>\r\n</XPersonSearchBObjExt>\r\n</TCRMExtension>\r\n</TCRMPersonSearchBObj>\r\n</TCRMObject>\r\n</TCRMTx>\r\n</TCRMService>\r\n"
		},
		{
			"id": "4ac3360a-a6a9-146e-da71-c655bd8a1136",
			"headers": "TRANSACTION_ID: 0\nCALLER_ID: 0\nORIG_CALLER_ID: 0\nAuthorization: Basic ZHVtbXk6ZHVtbXk=\nContent-Type: application/xml\n",
			"url": "http://mdmdev.medco.com/MDMHttpAdapter/ProcessRequest",
			"preRequestScript": null,
			"pathVariables": {},
			"method": "POST",
			"data": [],
			"dataMode": "raw",
			"version": 2,
			"tests": null,
			"currentHelper": "normal",
			"helperAttributes": {},
			"time": 1486507273287,
			"name": "MDM searchPerson by DEA and city",
			"description": "Values with data:\r\nC70005125  9\r\nC70005212  45\r\n",
			"collectionId": "598d37b6-68a4-c604-7f6c-175b357866f5",
			"responses": [],
			"rawModeData": "<?xml version=\"1.0\" encoding=\"UTF-8\"?>\r\n<TCRMService xmlns:xsi=\"http://www.w3.org/2001/XMLSchema-instance\"\r\n xsi:noNamespaceSchemaLocation=\"myTCRM.xsd\">\r\n<RequestControl>\r\n<requestID>1000000</requestID>\r\n<DWLControl>\r\n<requesterName>MuleService</requesterName>\r\n<requesterLanguage>100</requesterLanguage>\r\n<lineOfBusiness>Medical</lineOfBusiness>\r\n<clientTransactionName>SearchPrescriber</clientTransactionName>\r\n<clientSystemName>eSD</clientSystemName>\r\n<sessionId>201303021204</sessionId>\r\n</DWLControl>\r\n</RequestControl>\r\n<TCRMTx>\r\n<TCRMTxType>searchPerson</TCRMTxType>\r\n<TCRMTxObject>TCRMPersonSearchBObj</TCRMTxObject>\r\n<TCRMObject>\r\n<TCRMPersonSearchBObj>\r\n<MaxReturn>100</MaxReturn>\r\n<GivenNameOne></GivenNameOne>\r\n<LastName></LastName>\r\n<ContactMethodReferenceNumber></ContactMethodReferenceNumber>\r\n<CityName>New York</CityName>\r\n<ZipPostalCode></ZipPostalCode>\r\n<InquiryLevel>101</InquiryLevel>\r\n<TCRMExtension>\r\n<ExtendedObject>XPersonSearchBObjExt</ExtendedObject>\r\n<XPersonSearchBObjExt>\r\n<TCRMPartyIdentificationBObj>\r\n<IdentificationType>1000004</IdentificationType>\r\n<IdentificationNumber>MG1432498</IdentificationNumber>\r\n<TCRMExtension>\r\n<ExtendedObject>XPartyIdentificationBObjExt</ExtendedObject>\r\n<XPartyIdentificationBObjExt>\r\n<ProvinceStateType></ProvinceStateType>\r\n</XPartyIdentificationBObjExt>\r\n</TCRMExtension>\r\n</TCRMPartyIdentificationBObj>\r\n</XPersonSearchBObjExt>\r\n</TCRMExtension>\r\n</TCRMPersonSearchBObj>\r\n</TCRMObject>\r\n</TCRMTx>\r\n</TCRMService>"
		},
		{
			"id": "4c365c79-20fe-2e86-ed41-289edbaf6c69",
			"headers": "TRANSACTION_ID: 0\nCALLER_ID: 0\nORIG_CALLER_ID: 0\nAuthorization: Basic ZHVtbXk6ZHVtbXk=\nContent-Type: application/xml\n",
			"url": "http://mdmdev.medco.com/MDMHttpAdapter/ProcessRequest",
			"preRequestScript": null,
			"pathVariables": {},
			"method": "POST",
			"data": [],
			"dataMode": "raw",
			"tests": null,
			"currentHelper": "normal",
			"helperAttributes": {},
			"time": 1487788731320,
			"name": "MDM getPerson by MDM ID",
			"description": "Valid MDM IDs for Prescriber\n----------------------------\n195548371844335546\n552247985471199191 (npi:7676676776 dea:DEA00012)\n277648371801714800\n\n\nValid MDM IDs for Patient\n-------------------------\n148747853704437951\n\n",
			"collectionId": "598d37b6-68a4-c604-7f6c-175b357866f5",
			"responses": [],
			"rawModeData": "<?xml version=\"1.0\" encoding=\"UTF-8\"?>\r\n<TCRMService xmlns:xsi=\"http://www.w3.org/2001/XMLSchema-instance\"\r\n xsi:noNamespaceSchemaLocation=\"myTCRM.xsd\">\r\n <RequestControl>\r\n  <requestID>100129</requestID>\r\n  <DWLControl>\r\n   <requesterName>EDM-Transformation</requesterName>\r\n   <requesterLanguage>100</requesterLanguage>\r\n   <lineOfBusiness>Medical</lineOfBusiness>\r\n   <clientTransactionName>EDM</clientTransactionName>\r\n   <clientSystemName>OutreachPortal</clientSystemName>\r\n  </DWLControl>\r\n </RequestControl>\r\n <TCRMInquiry>\r\n  <InquiryType>getPerson</InquiryType>\r\n  <InquiryParam>\r\n   <tcrmParam name=\"PartyId\">552247985471199191</tcrmParam>\r\n   <tcrmParam name=\"InquiryLevel\">101</tcrmParam>\r\n  </InquiryParam>\r\n </TCRMInquiry>\r\n</TCRMService>\r\n"
		},
		{
			"id": "4d7fa6f1-60aa-60cf-5b31-08b7ff82f52c",
			"headers": "Content-Type: application/xml\nCALLER_ID: 0\nORIG_CALLER_ID: 0\nTRANSACTION_ID: 0\n",
			"url": "http://mdmdev.medco.com/MDMHttpAdapter/ProcessRequest",
			"preRequestScript": null,
			"pathVariables": {},
			"method": "POST",
			"data": [],
			"dataMode": "raw",
			"tests": null,
			"currentHelper": "normal",
			"helperAttributes": {},
			"time": 1484192561636,
			"name": "MDM maintainPrescriber scratch 1",
			"description": "http://mdmdev.medco.com/MDMHttpAdapter/ProcessRequest\n",
			"collectionId": "598d37b6-68a4-c604-7f6c-175b357866f5",
			"responses": [],
			"folder": "e8c43260-0ad3-073e-caa5-5fd9e37a0254",
			"rawModeData": "<?xml version=\"1.0\" encoding=\"UTF-8\"?>\r\n<TCRMService xmlns:xsi=\"http://www.w3.org/2001/XMLSchema-instance\" xsi:noNamespaceSchemaLocation=\"myTCRM.xsd\">\r\n   <RequestControl>\r\n      <requestID>102</requestID>\r\n      <DWLControl>\r\n         <requesterName>MuleService</requesterName>\r\n         <requesterLanguage>100</requesterLanguage>\r\n         <lineOfBusiness>Prescriber</lineOfBusiness>\r\n         <clientTransactionName>maintainPrescriber</clientTransactionName>\r\n         <clientSystemName>Prescriber CMS NPI</clientSystemName>\r\n         <sessionId>201303021204</sessionId>\r\n      </DWLControl>\r\n   </RequestControl>\r\n   <TCRMTx>\r\n      <TCRMTxType>maintainPrescriber</TCRMTxType>\r\n      <TCRMTxObject>XPhysicianBObj</TCRMTxObject>\r\n      <TCRMObject>\r\n         <TCRMExtension>\r\n            <XPhysicianBObj>\r\n               <TCRMPersonBObj>\r\n               \t  <ComputerAccessType>1000002</ComputerAccessType>\r\n\t\t\t\t   <TCRMPartyAddressBObj>\r\n\t\t\t\t\t\t\t<ObjectReferenceId>1234</ObjectReferenceId>\r\n\t\t\t\t\t\t\t<AddressUsageType>1000004</AddressUsageType>\r\n\t\t\t\t\t\t\t<StartDate></StartDate>\r\n\t\t\t\t\t\t\t<TCRMExtension>\r\n\t\t\t\t\t\t\t\t<ExtendedObject>XPartyAddressBObjExt</ExtendedObject>\r\n\t\t\t\t\t\t\t\t<XPartyAddressBObjExt>\r\n\t\t\t\t\t\t\t\t\t<XSourceType>1000081</XSourceType>\r\n\t\t\t\t\t\t\t\t\t<XSourceValue>ESI-MANAGED</XSourceValue>\r\n\t\t\t\t\t\t\t\t\t<XLegacyUpdateDate>2017-01-11 13:40:58.774</XLegacyUpdateDate>\r\n\t\t\t\t\t\t\t\t</XPartyAddressBObjExt>\r\n\t\t\t\t\t\t\t</TCRMExtension>\r\n\t\t\t\t\t\t\t<TCRMAddressBObj>\r\n\t\t\t\t\t\t\t\t<AddressLineOne>630 EXPRESS BLVD</AddressLineOne>\r\n\t\t\t\t\t\t\t\t<City>KANSAS CITY</City>\r\n\t\t\t\t\t\t\t\t<ZipPostalCode>64011</ZipPostalCode>\r\n\t\t\t\t\t\t\t\t<ProvinceStateValue>MO</ProvinceStateValue>\r\n\t\t\t\t\t\t\t\t<CountryType>1000223</CountryType>\r\n\t\t\t\t\t\t\t\t<Region></Region>\r\n\t                             <TCRMExtension>\r\n\t\t\t\t\t\t\t\t\t<ExtendedObject></ExtendedObject>\r\n\t\t\t\t\t\t\t\t</TCRMExtension>\r\n\t\t\t\t\t\t\t</TCRMAddressBObj>\r\n\t\t\t\t\t\t</TCRMPartyAddressBObj>\r\n                  <TCRMPartyIdentificationBObj>\r\n                     <IdentificationType>1000003</IdentificationType>\r\n                     <IdentificationNumber>7772345688</IdentificationNumber>\r\n                     <TCRMExtension>\r\n                        <ExtendedObject>XPartyIdentificationBObjExt</ExtendedObject>\r\n                        <XPartyIdentificationBObjExt>\r\n\t\t\t\t\t\t<XVerificationSourceType></XVerificationSourceType>\r\n                           <XLegacyUpdateDate>2017-01-11 13:40:58.78</XLegacyUpdateDate>\r\n                        </XPartyIdentificationBObjExt>\r\n                     </TCRMExtension>\r\n                  </TCRMPartyIdentificationBObj>\r\n                </TCRMPersonBObj>\r\n            </XPhysicianBObj>\r\n         </TCRMExtension>\r\n      </TCRMObject>\r\n   </TCRMTx>\r\n</TCRMService>\r\n"
		},
		{
			"id": "6ddab413-4914-bd4f-2891-5e7dd1cf21cf",
			"headers": "TRANSACTION_ID: 0\nCALLER_ID: 0\nORIG_CALLER_ID: 0\nAuthorization: Basic ZHVtbXk6ZHVtbXk=\nContent-Type: application/xml\n",
			"url": "http://mdmdev.medco.com/MDMHttpAdapter/ProcessRequest",
			"preRequestScript": null,
			"pathVariables": {},
			"method": "POST",
			"data": [],
			"dataMode": "raw",
			"version": 2,
			"tests": null,
			"currentHelper": "normal",
			"helperAttributes": {},
			"time": 1486502921337,
			"name": "MDM searchPerson by phone and state",
			"description": "",
			"collectionId": "598d37b6-68a4-c604-7f6c-175b357866f5",
			"responses": [],
			"rawModeData": "<?xml version=\"1.0\" encoding=\"UTF-8\"?>\r\n<TCRMService xmlns:xsi=\"http://www.w3.org/2001/XMLSchema-instance\"\r\n xsi:noNamespaceSchemaLocation=\"myTCRM.xsd\">\r\n<RequestControl>\r\n<requestID>1000000</requestID>\r\n<DWLControl>\r\n<requesterName>MuleService</requesterName>\r\n<requesterLanguage>100</requesterLanguage>\r\n<lineOfBusiness>Medical</lineOfBusiness>\r\n<clientTransactionName>SearchPrescriber</clientTransactionName>\r\n<clientSystemName>eSD</clientSystemName>\r\n<sessionId>201303021204</sessionId>\r\n</DWLControl>\r\n</RequestControl>\r\n<TCRMTx>\r\n<TCRMTxType>searchPerson</TCRMTxType>\r\n<TCRMTxObject>TCRMPersonSearchBObj</TCRMTxObject>\r\n<TCRMObject>\r\n<TCRMPersonSearchBObj>\r\n<MaxReturn>100</MaxReturn>\r\n<GivenNameOne></GivenNameOne>\r\n<LastName></LastName>\r\n<ContactMethodReferenceNumber>1234567890</ContactMethodReferenceNumber>\r\n<CityName></CityName>\r\n<ProvStateType>45</ProvStateType>\r\n<ZipPostalCode></ZipPostalCode>\r\n<InquiryLevel>101</InquiryLevel>\r\n<TCRMExtension>\r\n<ExtendedObject>XPersonSearchBObjExt</ExtendedObject>\r\n<XPersonSearchBObjExt>\r\n</XPersonSearchBObjExt>\r\n</TCRMExtension>\r\n</TCRMPersonSearchBObj>\r\n</TCRMObject>\r\n</TCRMTx>\r\n</TCRMService>\r\n"
		},
		{
			"id": "88cc400a-9a5d-0364-5117-0b81bdba4e56",
			"headers": "TRANSACTION_ID: 0\nCALLER_ID: 0\nORIG_CALLER_ID: 0\nAuthorization: Basic ZHVtbXk6ZHVtbXk=\nContent-Type: application/xml\n",
			"url": "http://mdmdev.medco.com/MDMHttpAdapter/ProcessRequest",
			"preRequestScript": null,
			"pathVariables": {},
			"method": "POST",
			"data": [],
			"dataMode": "raw",
			"version": 2,
			"tests": null,
			"currentHelper": "normal",
			"helperAttributes": {},
			"time": 1484346950911,
			"name": "MDM getPrescriberContactInfo scratch 2",
			"description": "",
			"collectionId": "598d37b6-68a4-c604-7f6c-175b357866f5",
			"responses": [],
			"folder": "ae64cca6-f37e-22f3-9703-27691b430ee0",
			"rawModeData": "<?xml version=\"1.0\" encoding=\"UTF-8\"?>\r\n<TCRMService xsi:noNamespaceSchemaLocation=\"myTCRM.xsd\" xmlns:xsi=\"http://www.w3.org/2001/XMLSchema-instance\">\r\n<RequestControl>\r\n<requestID>1000000</requestID>\r\n<DWLControl>\r\n<requesterName>MuleService</requesterName>\r\n<requesterLanguage>100</requesterLanguage>\r\n<lineOfBusiness>1000013</lineOfBusiness>\r\n<clientSystemName>TMW</clientSystemName>\r\n<sessionId>201303021204</sessionId>\r\n</DWLControl>\r\n</RequestControl>\r\n<TCRMInquiry>\r\n<InquiryType>getPrescriberContactInfo</InquiryType>\r\n<InquiryParam>\r\n<tcrmParam name=\"InquiryLevel\">106</tcrmParam>\r\n<tcrmParam name=\"PrescriberId\">1013911668</tcrmParam>\r\n<tcrmParam name=\"PrescriberQualifier\">NPI</tcrmParam>\r\n<tcrmParam name=\"StateCode\"/>\r\n<tcrmParam name=\"LastName\"/>\r\n<tcrmParam name=\"ZipCode\"/>\r\n</InquiryParam>\r\n</TCRMInquiry>\r\n</TCRMService>\r\n"
		},
		{
			"id": "8be6e9eb-c25a-26ba-47d9-c2739ecf6073",
			"headers": "TRANSACTION_ID: 0\nCALLER_ID: 0\nORIG_CALLER_ID: 0\nAuthorization: Basic ZHVtbXk6ZHVtbXk=\nContent-Type: application/xml\n",
			"url": "http://mdmdev.medco.com/MDMHttpAdapter/ProcessRequest",
			"preRequestScript": null,
			"pathVariables": {},
			"method": "POST",
			"data": [],
			"dataMode": "raw",
			"version": 2,
			"tests": null,
			"currentHelper": "normal",
			"helperAttributes": {},
			"time": 1485396647050,
			"name": "MDM getPrescriberContactInfo scratch 1",
			"description": "",
			"collectionId": "598d37b6-68a4-c604-7f6c-175b357866f5",
			"responses": [],
			"folder": "ae64cca6-f37e-22f3-9703-27691b430ee0",
			"rawModeData": "<?xml version=\"1.0\" encoding=\"UTF-8\"?>\r\n<TCRMService xsi:noNamespaceSchemaLocation=\"myTCRM.xsd\" xmlns:xsi=\"http://www.w3.org/2001/XMLSchema-instance\">\r\n<RequestControl>\r\n<requestID>1000000</requestID>\r\n<DWLControl>\r\n<requesterName>MuleService</requesterName>\r\n<requesterLanguage>100</requesterLanguage>\r\n<lineOfBusiness>1000013</lineOfBusiness>\r\n<clientSystemName>TMW</clientSystemName>\r\n<sessionId>201303021204</sessionId>\r\n</DWLControl>\r\n</RequestControl>\r\n<TCRMInquiry>\r\n<InquiryType>getPrescriberContactInfo</InquiryType>\r\n<InquiryParam>\r\n<tcrmParam name=\"InquiryLevel\">106</tcrmParam>\r\n<tcrmParam name=\"PrescriberId\">7772345688</tcrmParam>\r\n<tcrmParam name=\"PrescriberQualifier\">NPI</tcrmParam>\r\n<tcrmParam name=\"StateCode\"/>\r\n<tcrmParam name=\"LastName\"/>\r\n<tcrmParam name=\"ZipCode\"/>\r\n</InquiryParam>\r\n</TCRMInquiry>\r\n</TCRMService>\r\n"
		},
		{
			"id": "96cdd139-7f0a-3c67-9594-0b22ccec4593",
			"headers": "TRANSACTION_ID: 0\nCALLER_ID: 0\nORIG_CALLER_ID: 0\nAuthorization: Basic ZHVtbXk6ZHVtbXk=\nContent-Type: application/xml\n",
			"url": "http://mdmdev.medco.com/MDMHttpAdapter/ProcessRequest",
			"preRequestScript": null,
			"pathVariables": {},
			"method": "POST",
			"data": [],
			"dataMode": "raw",
			"version": 2,
			"tests": null,
			"currentHelper": "normal",
			"helperAttributes": {},
			"time": 1486503632414,
			"name": "MDM searchPerson by state license and city",
			"description": "Values with data:\r\nC70005125  9\r\nC70005212  45\r\n",
			"collectionId": "598d37b6-68a4-c604-7f6c-175b357866f5",
			"responses": [],
			"rawModeData": "<?xml version=\"1.0\" encoding=\"UTF-8\"?>\r\n<TCRMService xmlns:xsi=\"http://www.w3.org/2001/XMLSchema-instance\"\r\n xsi:noNamespaceSchemaLocation=\"myTCRM.xsd\">\r\n<RequestControl>\r\n<requestID>1000000</requestID>\r\n<DWLControl>\r\n<requesterName>MuleService</requesterName>\r\n<requesterLanguage>100</requesterLanguage>\r\n<lineOfBusiness>Medical</lineOfBusiness>\r\n<clientTransactionName>SearchPrescriber</clientTransactionName>\r\n<clientSystemName>eSD</clientSystemName>\r\n<sessionId>201303021204</sessionId>\r\n</DWLControl>\r\n</RequestControl>\r\n<TCRMTx>\r\n<TCRMTxType>searchPerson</TCRMTxType>\r\n<TCRMTxObject>TCRMPersonSearchBObj</TCRMTxObject>\r\n<TCRMObject>\r\n<TCRMPersonSearchBObj>\r\n<MaxReturn>100</MaxReturn>\r\n<GivenNameOne></GivenNameOne>\r\n<LastName></LastName>\r\n<ContactMethodReferenceNumber></ContactMethodReferenceNumber>\r\n<CityName>New York</CityName>\r\n<ZipPostalCode></ZipPostalCode>\r\n<InquiryLevel>101</InquiryLevel>\r\n<TCRMExtension>\r\n<ExtendedObject>XPersonSearchBObjExt</ExtendedObject>\r\n<XPersonSearchBObjExt>\r\n<TCRMPartyIdentificationBObj>\r\n<IdentificationType>1000006</IdentificationType>\r\n<IdentificationNumber>C70005212</IdentificationNumber>\r\n<TCRMExtension>\r\n<ExtendedObject>XPartyIdentificationBObjExt</ExtendedObject>\r\n<XPartyIdentificationBObjExt>\r\n<ProvinceStateType>45</ProvinceStateType>\r\n</XPartyIdentificationBObjExt>\r\n</TCRMExtension>\r\n</TCRMPartyIdentificationBObj>\r\n</XPersonSearchBObjExt>\r\n</TCRMExtension>\r\n</TCRMPersonSearchBObj>\r\n</TCRMObject>\r\n</TCRMTx>\r\n</TCRMService>\r\n"
		},
		{
			"id": "970b71a3-c80b-b3ea-a0b3-475a44571f4e",
			"headers": "TRANSACTION_ID: 0\nCALLER_ID: 0\nORIG_CALLER_ID: 0\nAuthorization: Basic ZHVtbXk6ZHVtbXk=\nContent-Type: application/xml\n",
			"url": "http://mdmdev.medco.com/MDMHttpAdapter/ProcessRequest",
			"preRequestScript": null,
			"pathVariables": {},
			"method": "POST",
			"data": [],
			"dataMode": "raw",
			"tests": null,
			"currentHelper": "normal",
			"helperAttributes": {},
			"time": 1484712189663,
			"name": "MDM searchPerson by NPI copy",
			"description": "",
			"collectionId": "598d37b6-68a4-c604-7f6c-175b357866f5",
			"responses": [],
			"folder": "fbd13063-c841-2e9d-6143-f5f6a3fbf71d",
			"rawModeData": "<?xml version=\"1.0\" encoding=\"UTF-8\"?>\r\n<TCRMService xmlns:xsi=\"http://www.w3.org/2001/XMLSchema-instance\"\r\n xsi:noNamespaceSchemaLocation=\"myTCRM.xsd\">\r\n<RequestControl>\r\n<requestID>1000000</requestID>\r\n<DWLControl>\r\n<requesterName>MuleService</requesterName>\r\n<requesterLanguage>100</requesterLanguage>\r\n<lineOfBusiness>Medical</lineOfBusiness>\r\n<clientTransactionName>SearchPrescriber</clientTransactionName>\r\n<clientSystemName>eSD</clientSystemName>\r\n<sessionId>201303021204</sessionId>\r\n</DWLControl>\r\n</RequestControl>\r\n<TCRMTx>\r\n<TCRMTxType>searchPerson</TCRMTxType>\r\n<TCRMTxObject>TCRMPersonSearchBObj</TCRMTxObject>\r\n<TCRMObject>\r\n<TCRMPersonSearchBObj>\r\n<MaxReturn>100</MaxReturn>\r\n<GivenNameOne></GivenNameOne>\r\n<LastName></LastName>\r\n<ContactMethodReferenceNumber></ContactMethodReferenceNumber>\r\n<CityName></CityName>\r\n<ZipPostalCode></ZipPostalCode>\r\n<InquiryLevel>105</InquiryLevel>\r\n<TCRMExtension>\r\n<ExtendedObject>XPersonSearchBObjExt</ExtendedObject>\r\n<XPersonSearchBObjExt>\r\n<TCRMPartyIdentificationBObj>\r\n<IdentificationType>1000003</IdentificationType>\r\n<IdentificationNumber>1013911668</IdentificationNumber>\r\n<TCRMExtension>\r\n<ExtendedObject>XPartyIdentificationBObjExt</ExtendedObject>\r\n<XPartyIdentificationBObjExt>\r\n<ProvinceStateType></ProvinceStateType>\r\n</XPartyIdentificationBObjExt>\r\n</TCRMExtension>\r\n</TCRMPartyIdentificationBObj>\r\n</XPersonSearchBObjExt>\r\n</TCRMExtension>\r\n</TCRMPersonSearchBObj>\r\n</TCRMObject>\r\n</TCRMTx>\r\n</TCRMService>\r\n"
		},
		{
			"id": "b5726352-91ff-ae9e-699a-0d3d195e6a7d",
			"headers": "TRANSACTION_ID: 0\nCALLER_ID: 0\nORIG_CALLER_ID: 0\nAuthorization: Basic ZHVtbXk6ZHVtbXk=\nContent-Type: application/xml\n",
			"url": "http://mdmdev.medco.com/MDMHttpAdapter/ProcessRequest",
			"preRequestScript": null,
			"pathVariables": {},
			"method": "POST",
			"data": [],
			"dataMode": "raw",
			"version": 2,
			"tests": null,
			"currentHelper": "normal",
			"helperAttributes": {},
			"time": 1486507311468,
			"name": "MDM searchPerson by state license and state",
			"description": "Values with data:\r\nC70005125  9\r\nC70005212  45\r\n",
			"collectionId": "598d37b6-68a4-c604-7f6c-175b357866f5",
			"responses": [],
			"rawModeData": "<?xml version=\"1.0\" encoding=\"UTF-8\"?>\r\n<TCRMService xmlns:xsi=\"http://www.w3.org/2001/XMLSchema-instance\"\r\n xsi:noNamespaceSchemaLocation=\"myTCRM.xsd\">\r\n<RequestControl>\r\n<requestID>1000000</requestID>\r\n<DWLControl>\r\n<requesterName>MuleService</requesterName>\r\n<requesterLanguage>100</requesterLanguage>\r\n<lineOfBusiness>Medical</lineOfBusiness>\r\n<clientTransactionName>SearchPrescriber</clientTransactionName>\r\n<clientSystemName>eSD</clientSystemName>\r\n<sessionId>201303021204</sessionId>\r\n</DWLControl>\r\n</RequestControl>\r\n<TCRMTx>\r\n<TCRMTxType>searchPerson</TCRMTxType>\r\n<TCRMTxObject>TCRMPersonSearchBObj</TCRMTxObject>\r\n<TCRMObject>\r\n<TCRMPersonSearchBObj>\r\n<MaxReturn>100</MaxReturn>\r\n<GivenNameOne></GivenNameOne>\r\n<LastName></LastName>\r\n<ContactMethodReferenceNumber></ContactMethodReferenceNumber>\r\n<CityName></CityName>\r\n<ProvStateType>45</ProvStateType>\r\n<ZipPostalCode></ZipPostalCode>\r\n<InquiryLevel>101</InquiryLevel>\r\n<TCRMExtension>\r\n<ExtendedObject>XPersonSearchBObjExt</ExtendedObject>\r\n<XPersonSearchBObjExt>\r\n<TCRMPartyIdentificationBObj>\r\n<IdentificationType>1000006</IdentificationType>\r\n<IdentificationNumber>C70005125</IdentificationNumber>\r\n<TCRMExtension>\r\n<ExtendedObject>XPartyIdentificationBObjExt</ExtendedObject>\r\n<XPartyIdentificationBObjExt>\r\n<ProvinceStateType>9</ProvinceStateType>\r\n</XPartyIdentificationBObjExt>\r\n</TCRMExtension>\r\n</TCRMPartyIdentificationBObj>\r\n</XPersonSearchBObjExt>\r\n</TCRMExtension>\r\n</TCRMPersonSearchBObj>\r\n</TCRMObject>\r\n</TCRMTx>\r\n</TCRMService>\r\n"
		},
		{
			"id": "b894a570-571c-dd6c-c735-7c744982743e",
			"headers": "TRANSACTION_ID: 0\nCALLER_ID: 0\nORIG_CALLER_ID: 0\nAuthorization: Basic ZHVtbXk6ZHVtbXk=\nContent-Type: application/xml\n",
			"url": "http://mdmdev.medco.com/MDMHttpAdapter/ProcessRequest",
			"preRequestScript": null,
			"pathVariables": {},
			"method": "POST",
			"data": [],
			"dataMode": "raw",
			"version": 2,
			"tests": null,
			"currentHelper": "normal",
			"helperAttributes": {},
			"time": 1484164328917,
			"name": "MDM getPrescriberContactInfo by NPI copy",
			"description": "Valid NPIs\n----------\n1013911668\n",
			"collectionId": "598d37b6-68a4-c604-7f6c-175b357866f5",
			"responses": [],
			"folder": "ae64cca6-f37e-22f3-9703-27691b430ee0",
			"isFromCollection": true,
			"collectionRequestId": "05a330db-9022-e961-12b4-d8962f91eaa4",
			"rawModeData": "<?xml version=\"1.0\" encoding=\"UTF-8\"?>\r\n<TCRMService xsi:noNamespaceSchemaLocation=\"myTCRM.xsd\" xmlns:xsi=\"http://www.w3.org/2001/XMLSchema-instance\">\r\n<RequestControl>\r\n<requestID>1000000</requestID>\r\n<DWLControl>\r\n<requesterName>MuleService</requesterName>\r\n<requesterLanguage>100</requesterLanguage>\r\n<lineOfBusiness>1000013</lineOfBusiness>\r\n<clientSystemName>TMW</clientSystemName>\r\n<sessionId>201303021204</sessionId>\r\n</DWLControl>\r\n</RequestControl>\r\n<TCRMInquiry>\r\n<InquiryType>getPrescriberContactInfo</InquiryType>\r\n<InquiryParam>\r\n<tcrmParam name=\"InquiryLevel\">106</tcrmParam>\r\n<tcrmParam name=\"PrescriberId\">1043308695</tcrmParam>\r\n<tcrmParam name=\"PrescriberQualifier\">NPI</tcrmParam>\r\n<tcrmParam name=\"StateCode\"/>\r\n<tcrmParam name=\"LastName\"/>\r\n<tcrmParam name=\"ZipCode\"/>\r\n</InquiryParam>\r\n</TCRMInquiry>\r\n</TCRMService>\r\n"
		},
		{
			"id": "bac0d8fe-3396-0a46-8117-2b442d33c86b",
			"headers": "TRANSACTION_ID: 0\nCALLER_ID: 0\nORIG_CALLER_ID: 0\nAuthorization: Basic ZHVtbXk6ZHVtbXk=\nContent-Type: application/xml\n",
			"url": "http://mdmdev.medco.com/MDMHttpAdapter/ProcessRequest",
			"preRequestScript": null,
			"pathVariables": {},
			"method": "POST",
			"data": [],
			"dataMode": "raw",
			"version": 2,
			"tests": null,
			"currentHelper": "normal",
			"helperAttributes": {},
			"time": 1486513985751,
			"name": "MDM searchPerson by non-license scratch 2",
			"description": "Values with data:\r\nC70005125  9\r\nC70005212  45\r\n",
			"collectionId": "598d37b6-68a4-c604-7f6c-175b357866f5",
			"responses": [],
			"rawModeData": "<?xml version=\"1.0\" encoding=\"UTF-8\"?>\r\n<TCRMService xmlns:xsi=\"http://www.w3.org/2001/XMLSchema-instance\"\r\n xsi:noNamespaceSchemaLocation=\"myTCRM.xsd\">\r\n<RequestControl>\r\n<requestID>1000000</requestID>\r\n<DWLControl>\r\n<requesterName>MuleService</requesterName>\r\n<requesterLanguage>100</requesterLanguage>\r\n<lineOfBusiness>Medical</lineOfBusiness>\r\n<clientTransactionName>SearchPrescriber</clientTransactionName>\r\n<clientSystemName>eSD</clientSystemName>\r\n<sessionId>201303021204</sessionId>\r\n</DWLControl>\r\n</RequestControl>\r\n<TCRMTx>\r\n<TCRMTxType>searchPerson</TCRMTxType>\r\n<TCRMTxObject>TCRMPersonSearchBObj</TCRMTxObject>\r\n<TCRMObject>\r\n<TCRMPersonSearchBObj>\r\n<MaxReturn>100</MaxReturn>\r\n<GivenNameOne></GivenNameOne>\r\n<LastName></LastName>\r\n<DateOfBirth></DateOfBirth>\r\n<Gender></Gender>\r\n<PartyId></PartyId>\r\n<ContactMethodReferenceNumber>5306829860</ContactMethodReferenceNumber>\r\n<ContactMethodType></ContactMethodType>\r\n<AddrLineOne></AddrLineOne>\r\n<CityName>Allentown</CityName>\r\n<ProvStateType>33</ProvStateType>\r\n<ZipPostalCode></ZipPostalCode>\r\n<CountryType></CountryType>\r\n<InquiryLevel>101</InquiryLevel>\r\n<TCRMExtension>\r\n<ExtendedObject>XPersonSearchBObjExt</ExtendedObject>\r\n</TCRMExtension>\r\n</TCRMPersonSearchBObj>\r\n</TCRMObject>\r\n</TCRMTx>\r\n</TCRMService>\r\n"
		},
		{
			"id": "d6dc444c-1800-eb8e-70f5-723f7fedcffc",
			"headers": "Content-Type: application/xml\nTRANSACTION_ID: 0\nCALLER_ID: 0\nORIG_CALLER_ID: 0\nAuthorization: Basic ZHVtbXk6ZHVtbXk=\n",
			"url": "http://mdmdev.medco.com/MDMHttpAdapter/ProcessRequest",
			"preRequestScript": null,
			"pathVariables": {},
			"method": "POST",
			"data": [],
			"dataMode": "raw",
			"tests": null,
			"currentHelper": "normal",
			"helperAttributes": {},
			"time": 1487263982185,
			"name": "MDM searchPerson by DEA copy copy",
			"description": "",
			"collectionId": "598d37b6-68a4-c604-7f6c-175b357866f5",
			"responses": [],
			"isFromCollection": true,
			"collectionRequestId": "ea88d630-549f-6eb4-6d99-2b00e519beee",
			"folder": "fbd13063-c841-2e9d-6143-f5f6a3fbf71d",
			"rawModeData": "<?xml version=\"1.0\" encoding=\"UTF-8\"?>\r\n<TCRMService xmlns:xsi=\"http://www.w3.org/2001/XMLSchema-instance\"\r\n xsi:noNamespaceSchemaLocation=\"myTCRM.xsd\">\r\n<RequestControl>\r\n<requestID>1000000</requestID>\r\n<DWLControl>\r\n<requesterName>MuleService</requesterName>\r\n<requesterLanguage>100</requesterLanguage>\r\n<lineOfBusiness>Medical</lineOfBusiness>\r\n<clientTransactionName>SearchPrescriber</clientTransactionName>\r\n<clientSystemName>eSD</clientSystemName>\r\n<sessionId>201303021204</sessionId>\r\n</DWLControl>\r\n</RequestControl>\r\n<TCRMTx>\r\n<TCRMTxType>searchPerson</TCRMTxType>\r\n<TCRMTxObject>TCRMPersonSearchBObj</TCRMTxObject>\r\n<TCRMObject>\r\n<TCRMPersonSearchBObj>\r\n<MaxReturn>100</MaxReturn>\r\n<InquiryLevel>101</InquiryLevel>\r\n<TCRMExtension>\r\n<ExtendedObject>XPersonSearchBObjExt</ExtendedObject>\r\n<XPersonSearchBObjExt>\r\n<TCRMPartyIdentificationBObj>\r\n<IdentificationType>1000004</IdentificationType>\r\n<IdentificationNumber>7658988EA</IdentificationNumber>\r\n<TCRMExtension>\r\n<ExtendedObject>XPartyIdentificationBObjExt</ExtendedObject>\r\n<XPartyIdentificationBObjExt>\r\n<ProvinceStateType></ProvinceStateType>\r\n</XPartyIdentificationBObjExt>\r\n</TCRMExtension>\r\n</TCRMPartyIdentificationBObj>\r\n</XPersonSearchBObjExt>\r\n</TCRMExtension>\r\n</TCRMPersonSearchBObj>\r\n</TCRMObject>\r\n</TCRMTx>\r\n</TCRMService>"
		},
		{
			"id": "ea88d630-549f-6eb4-6d99-2b00e519beee",
			"headers": "Content-Type: application/xml\nTRANSACTION_ID: 0\nCALLER_ID: 0\nORIG_CALLER_ID: 0\nAuthorization: Basic ZHVtbXk6ZHVtbXk=\n",
			"url": "http://mdmdev.medco.com/MDMHttpAdapter/ProcessRequest",
			"preRequestScript": null,
			"pathVariables": {},
			"method": "POST",
			"data": [],
			"dataMode": "raw",
			"tests": null,
			"currentHelper": "normal",
			"helperAttributes": {},
			"time": 1487612868767,
			"name": "MDM searchPerson by DEA copy",
			"description": "",
			"collectionId": "598d37b6-68a4-c604-7f6c-175b357866f5",
			"responses": [],
			"rawModeData": "<?xml version=\"1.0\" encoding=\"UTF-8\"?>\r\n<TCRMService xmlns:xsi=\"http://www.w3.org/2001/XMLSchema-instance\"\r\n xsi:noNamespaceSchemaLocation=\"myTCRM.xsd\">\r\n<RequestControl>\r\n<requestID>1000000</requestID>\r\n<DWLControl>\r\n<requesterName>MuleService</requesterName>\r\n<requesterLanguage>100</requesterLanguage>\r\n<lineOfBusiness>Medical</lineOfBusiness>\r\n<clientTransactionName>SearchPrescriber</clientTransactionName>\r\n<clientSystemName>eSD</clientSystemName>\r\n<sessionId>201303021204</sessionId>\r\n</DWLControl>\r\n</RequestControl>\r\n<TCRMTx>\r\n<TCRMTxType>searchPerson</TCRMTxType>\r\n<TCRMTxObject>TCRMPersonSearchBObj</TCRMTxObject>\r\n<TCRMObject>\r\n<TCRMPersonSearchBObj>\r\n<MaxReturn>100</MaxReturn>\r\n<InquiryLevel>105</InquiryLevel>\r\n<TCRMExtension>\r\n<ExtendedObject>XPersonSearchBObjExt</ExtendedObject>\r\n<XPersonSearchBObjExt>\r\n<TCRMPartyIdentificationBObj>\r\n<IdentificationType>1000004</IdentificationType>\r\n<IdentificationNumber>MG1432498</IdentificationNumber>\r\n<TCRMExtension>\r\n<ExtendedObject>XPartyIdentificationBObjExt</ExtendedObject>\r\n<XPartyIdentificationBObjExt>\r\n<ProvinceStateType></ProvinceStateType>\r\n</XPartyIdentificationBObjExt>\r\n</TCRMExtension>\r\n</TCRMPartyIdentificationBObj>\r\n</XPersonSearchBObjExt>\r\n</TCRMExtension>\r\n</TCRMPersonSearchBObj>\r\n</TCRMObject>\r\n</TCRMTx>\r\n</TCRMService>"
		},
		{
			"id": "ec5cd925-b096-776e-a00f-ac4aa8304ef3",
			"headers": "TRANSACTION_ID: 0\nCALLER_ID: 0\nORIG_CALLER_ID: 0\nContent-Type: application/xml\nAuthorization: Basic ZHVtbXk6ZHVtbXk=\n",
			"url": "http://mdmdev.medco.com/MDMHttpAdapter/ProcessRequest",
			"pathVariables": {},
			"preRequestScript": null,
			"method": "POST",
			"collectionId": "598d37b6-68a4-c604-7f6c-175b357866f5",
			"data": [],
			"dataMode": "raw",
			"name": "MSM searchPerson by state license and DEA number",
			"description": "NOTE: this response does not contain the state license.  Need to clarify this behavior with MDM team.\n\nResponse:\n<?xml version=\"1.0\" encoding=\"UTF-8\"?>\n<TCRMService xmlns:xsi=\"http://www.w3.org/2001/XMLSchema-instance\" xsi:noNamespaceSchemaLocation=\"tCRMResponse.xsd\">\n    <ResponseControl>\n        <ResultCode>SUCCESS</ResultCode>\n        <ServiceTime>12</ServiceTime>\n        <DWLControl>\n            <clientSystemName>eSD</clientSystemName>\n            <clientTransactionName>SearchPrescriber</clientTransactionName>\n            <lineOfBusiness>Medical</lineOfBusiness>\n            <requesterLanguage>100</requesterLanguage>\n            <requesterLocale>en</requesterLocale>\n            <requesterName>MuleService</requesterName>\n            <requestID>1000000</requestID>\n            <sessionId>201303021204</sessionId>\n            <availableResultsCount>SearchScenario:| AdminSystemType: | ComputerAccessType: </availableResultsCount>\n        </DWLControl>\n    </ResponseControl>\n    <TxResponse>\n        <RequestType>searchPerson</RequestType>\n        <TxResult>\n            <ResultCode>SUCCESS</ResultCode>\n        </TxResult>\n        <ResponseObject>\n            <TCRMPersonSearchResultBObj>\n                <ComponentID>5555472</ComponentID>\n                <TCRMExtension>\n                    <ExtendedObject>XPersonSearchResultBObjExt</ExtendedObject>\n                    <XPersonSearchResultBObjExt>\n                        <TCRMPersonBObj>\n                            <PartyActiveIndicator>Y</PartyActiveIndicator>\n                            <PartyType>1</PartyType>\n                            <TCRMPartyAddressBObj>\n                                <AddressUsageValue>Office Practice Location</AddressUsageValue>\n                                <CareOf>MG1432498</CareOf>\n                                <TCRMAddressBObj>\n                                    <AddressLineOne>16695 WEST NORTHSHORE DRIVE</AddressLineOne>\n                                    <AddressLineTwo>POST OFFICE BOX 520074</AddressLineTwo>\n                                    <City>BIG LAKE</City>\n                                    <ProvinceStateValue>AK</ProvinceStateValue>\n                                    <ZipPostalCode>99652</ZipPostalCode>\n                                </TCRMAddressBObj>\n                            </TCRMPartyAddressBObj>\n                            <TCRMPartyIdentificationBObj>\n                                <ComponentID>3000088</ComponentID>\n                                <IdentificationExpiryDate>2015-09-30 00:00:00.0</IdentificationExpiryDate>\n                                <IdentificationNumber>MG1432498</IdentificationNumber>\n                                <IdentificationStatusValue>A</IdentificationStatusValue>\n                                <IdentificationValue>DEA</IdentificationValue>\n                                <StartDate>2012-09-30 00:00:00.0</StartDate>\n                                <TCRMExtension>\n                                    <ExtendedObject>XPartyIdentificationBObjExt</ExtendedObject>\n                                    <XPartyIdentificationBObjExt>\n                                        <XPhysicianDeaSchedBObj>\n                                            <ComponentID>5030001</ComponentID>\n                                            <Schedule1Value>N</Schedule1Value>\n                                            <Schedule2Value>Y</Schedule2Value>\n                                            <Schedule2NValue>Y</Schedule2NValue>\n                                            <Schedule3Value>Y</Schedule3Value>\n                                            <Schedule3NValue>Y</Schedule3NValue>\n                                            <Schedule4Value>Y</Schedule4Value>\n                                            <Schedule5Value>Y</Schedule5Value>\n                                            <ScheduleL1Value>N</ScheduleL1Value>\n                                        </XPhysicianDeaSchedBObj>\n                                    </XPartyIdentificationBObjExt>\n                                </TCRMExtension>\n                            </TCRMPartyIdentificationBObj>\n                            <TCRMPersonNameBObj>\n                                <GivenNameOne>XENIA</GivenNameOne>\n                                <LastName>GONZALEZ</LastName>\n                                <NameUsageType>1000001</NameUsageType>\n                                <NameUsageValue>Legal Name</NameUsageValue>\n                            </TCRMPersonNameBObj>\n                        </TCRMPersonBObj>\n                    </XPersonSearchResultBObjExt>\n                </TCRMExtension>\n            </TCRMPersonSearchResultBObj>\n        </ResponseObject>\n    </TxResponse>\n</TCRMService>",
			"descriptionFormat": "html",
			"time": 1486085186306,
			"version": 2,
			"responses": [],
			"tests": null,
			"currentHelper": "normal",
			"helperAttributes": {},
			"folder": "fbd13063-c841-2e9d-6143-f5f6a3fbf71d",
			"rawModeData": "<?xml version=\"1.0\" encoding=\"UTF-8\"?>\r\n<TCRMService xmlns:xsi=\"http://www.w3.org/2001/XMLSchema-instance\"\r\n xsi:noNamespaceSchemaLocation=\"myTCRM.xsd\">\r\n<RequestControl>\r\n<requestID>1000000</requestID>\r\n<DWLControl>\r\n<requesterName>MuleService</requesterName>\r\n<requesterLanguage>100</requesterLanguage>\r\n<lineOfBusiness>Medical</lineOfBusiness>\r\n<clientTransactionName>SearchPrescriber</clientTransactionName>\r\n<clientSystemName>eSD</clientSystemName>\r\n<sessionId>201303021204</sessionId>\r\n</DWLControl>\r\n</RequestControl>\r\n<TCRMTx>\r\n<TCRMTxType>searchPerson</TCRMTxType>\r\n<TCRMTxObject>TCRMPersonSearchBObj</TCRMTxObject>\r\n<TCRMObject>\r\n<TCRMPersonSearchBObj>\r\n<MaxReturn>100</MaxReturn>\r\n<InquiryLevel>101</InquiryLevel>\r\n<TCRMExtension>\r\n<ExtendedObject>XPersonSearchBObjExt</ExtendedObject>\r\n<XPersonSearchBObjExt>\r\n<TCRMPartyIdentificationBObj>\r\n<IdentificationType>1000006</IdentificationType>\r\n<IdentificationNumber>C70005212</IdentificationNumber>\r\n<TCRMExtension>\r\n<ExtendedObject>XPartyIdentificationBObjExt</ExtendedObject>\r\n<XPartyIdentificationBObjExt>\r\n<ProvinceStateType>45</ProvinceStateType>\r\n</XPartyIdentificationBObjExt>\r\n</TCRMExtension>\r\n</TCRMPartyIdentificationBObj>\r\n<TCRMPartyIdentificationBObj>\r\n<IdentificationType>1000004</IdentificationType>\r\n<IdentificationNumber>MG1432498</IdentificationNumber>\r\n<TCRMExtension>\r\n<ExtendedObject>XPartyIdentificationBObjExt</ExtendedObject>\r\n<XPartyIdentificationBObjExt>\r\n<ProvinceStateType></ProvinceStateType>\r\n</XPartyIdentificationBObjExt>\r\n</TCRMExtension>\r\n</TCRMPartyIdentificationBObj>\r\n</XPersonSearchBObjExt>\r\n</TCRMExtension>\r\n</TCRMPersonSearchBObj>\r\n</TCRMObject>\r\n</TCRMTx>\r\n</TCRMService>\r\n"
		},
		{
			"id": "f0eb28af-2f8a-5730-da2d-3a5f23be00d0",
			"headers": "TRANSACTION_ID: 0\nCALLER_ID: 0\nORIG_CALLER_ID: 0\nAuthorization: Basic ZHVtbXk6ZHVtbXk=\nContent-Type: application/xml\n",
			"url": "http://mdmdev.medco.com/MDMHttpAdapter/ProcessRequest",
			"preRequestScript": null,
			"pathVariables": {},
			"method": "POST",
			"data": [],
			"dataMode": "raw",
			"version": 2,
			"tests": null,
			"currentHelper": "normal",
			"helperAttributes": {},
			"time": 1485878421716,
			"name": "MDM searchPerson by state license",
			"description": "Values with data:\r\nC70005125  9\r\nC70005212  45\r\n",
			"collectionId": "598d37b6-68a4-c604-7f6c-175b357866f5",
			"responses": [],
			"folder": "fbd13063-c841-2e9d-6143-f5f6a3fbf71d",
			"rawModeData": "<?xml version=\"1.0\" encoding=\"UTF-8\"?>\r\n<TCRMService xmlns:xsi=\"http://www.w3.org/2001/XMLSchema-instance\"\r\n xsi:noNamespaceSchemaLocation=\"myTCRM.xsd\">\r\n<RequestControl>\r\n<requestID>1000000</requestID>\r\n<DWLControl>\r\n<requesterName>MuleService</requesterName>\r\n<requesterLanguage>100</requesterLanguage>\r\n<lineOfBusiness>Medical</lineOfBusiness>\r\n<clientTransactionName>SearchPrescriber</clientTransactionName>\r\n<clientSystemName>eSD</clientSystemName>\r\n<sessionId>201303021204</sessionId>\r\n</DWLControl>\r\n</RequestControl>\r\n<TCRMTx>\r\n<TCRMTxType>searchPerson</TCRMTxType>\r\n<TCRMTxObject>TCRMPersonSearchBObj</TCRMTxObject>\r\n<TCRMObject>\r\n<TCRMPersonSearchBObj>\r\n<MaxReturn>100</MaxReturn>\r\n<InquiryLevel>101</InquiryLevel>\r\n<TCRMExtension>\r\n<ExtendedObject>XPersonSearchBObjExt</ExtendedObject>\r\n<XPersonSearchBObjExt>\r\n<TCRMPartyIdentificationBObj>\r\n<IdentificationType>1000006</IdentificationType>\r\n<IdentificationNumber>C70005212</IdentificationNumber>\r\n<TCRMExtension>\r\n<ExtendedObject>XPartyIdentificationBObjExt</ExtendedObject>\r\n<XPartyIdentificationBObjExt>\r\n<ProvinceStateType>45</ProvinceStateType>\r\n</XPartyIdentificationBObjExt>\r\n</TCRMExtension>\r\n</TCRMPartyIdentificationBObj>\r\n</XPersonSearchBObjExt>\r\n</TCRMExtension>\r\n</TCRMPersonSearchBObj>\r\n</TCRMObject>\r\n</TCRMTx>\r\n</TCRMService>\r\n"
		},
		{
			"id": "f19f13de-7ee9-6159-eb35-266299052ecb",
			"headers": "Content-Type: application/xml\nTRANSACTION_ID: 0\nCALLER_ID: 0\nORIG_CALLER_ID: 0\nAuthorization: Basic ZHVtbXk6ZHVtbXk=\n",
			"url": "http://mdmdev.medco.com/MDMHttpAdapter/ProcessRequest",
			"pathVariables": {},
			"preRequestScript": null,
			"method": "POST",
			"collectionId": "598d37b6-68a4-c604-7f6c-175b357866f5",
			"data": [],
			"dataMode": "raw",
			"name": "MDM searchPerson by name and state license",
			"description": "This response is unexpected since the name we are searching by is MARK JAMESON.\n\nResponse:\n<?xml version=\"1.0\" encoding=\"UTF-8\"?>\n<TCRMService xmlns:xsi=\"http://www.w3.org/2001/XMLSchema-instance\" xsi:noNamespaceSchemaLocation=\"tCRMResponse.xsd\">\n    <ResponseControl>\n        <ResultCode>SUCCESS</ResultCode>\n        <ServiceTime>22</ServiceTime>\n        <DWLControl>\n            <clientSystemName>eSD</clientSystemName>\n            <clientTransactionName>SearchPrescriber</clientTransactionName>\n            <lineOfBusiness>Medical</lineOfBusiness>\n            <requesterLanguage>100</requesterLanguage>\n            <requesterLocale>en</requesterLocale>\n            <requesterName>MuleService</requesterName>\n            <requestID>1000000</requestID>\n            <sessionId>201303021204</sessionId>\n            <availableResultsCount>SearchScenario: FN;LN| AdminSystemType: | ComputerAccessType: </availableResultsCount>\n        </DWLControl>\n    </ResponseControl>\n    <TxResponse>\n        <RequestType>searchPerson</RequestType>\n        <TxResult>\n            <ResultCode>SUCCESS</ResultCode>\n        </TxResult>\n        <ResponseObject>\n            <TCRMPersonSearchResultBObj>\n                <ComponentID>5555472</ComponentID>\n                <TCRMExtension>\n                    <ExtendedObject>XPersonSearchResultBObjExt</ExtendedObject>\n                    <XPersonSearchResultBObjExt>\n                        <TCRMPersonBObj>\n                            <PartyActiveIndicator>Y</PartyActiveIndicator>\n                            <PartyType>1</PartyType>\n                            <TCRMPartyAddressBObj>\n                                <AddressUsageValue>Office Practice Location</AddressUsageValue>\n                                <TCRMAddressBObj>\n                                    <AddressLineOne>3400 SPRUCE ST</AddressLineOne>\n                                    <City>PHILADELPHIA</City>\n                                    <ProvinceStateValue>PA</ProvinceStateValue>\n                                    <ZipPostalCode>191044206</ZipPostalCode>\n                                </TCRMAddressBObj>\n                            </TCRMPartyAddressBObj>\n                            <TCRMPartyContactMethodBObj>\n                                <ContactMethodUsageValue>Office Phone</ContactMethodUsageValue>\n                                <TCRMContactMethodBObj>\n                                    <ReferenceNumber>2156626156</ReferenceNumber>\n                                </TCRMContactMethodBObj>\n                            </TCRMPartyContactMethodBObj>\n                            <TCRMPartyContactMethodBObj>\n                                <ContactMethodUsageValue>Correspondence Phone</ContactMethodUsageValue>\n                                <TCRMContactMethodBObj>\n                                    <ReferenceNumber>2156626156</ReferenceNumber>\n                                </TCRMContactMethodBObj>\n                            </TCRMPartyContactMethodBObj>\n                            <TCRMPartyIdentificationBObj>\n                                <ComponentID>3000088</ComponentID>\n                                <IdentificationNumber>1720306210</IdentificationNumber>\n                                <IdentificationStatusValue>A</IdentificationStatusValue>\n                                <IdentificationValue>NPI</IdentificationValue>\n                                <StartDate>2010-05-10 00:00:00.0</StartDate>\n                                <TCRMExtension>\n                                    <ExtendedObject>XPartyIdentificationBObjExt</ExtendedObject>\n                                    <XPartyIdentificationBObjExt>\n\t\t\t\t\t\t\t\t\t</XPartyIdentificationBObjExt>\n                                </TCRMExtension>\n                            </TCRMPartyIdentificationBObj>\n                            <TCRMPartyIdentificationBObj>\n                                <ComponentID>3000088</ComponentID>\n                                <IdentificationExpiryDate>2016-06-23 00:00:00.0</IdentificationExpiryDate>\n                                <IdentificationNumber>MT197082</IdentificationNumber>\n                                <IdentificationStatusValue>A</IdentificationStatusValue>\n                                <IdentificationValue>STATE</IdentificationValue>\n                                <StartDate>2012-01-01 00:00:00.0</StartDate>\n                                <TCRMExtension>\n                                    <ExtendedObject>XPartyIdentificationBObjExt</ExtendedObject>\n                                    <XPartyIdentificationBObjExt>\n                                        <ProvinceStateValue>PA</ProvinceStateValue>\n                                    </XPartyIdentificationBObjExt>\n                                </TCRMExtension>\n                            </TCRMPartyIdentificationBObj>\n                            <TCRMPartyIdentificationBObj>\n                                <ComponentID>3000088</ComponentID>\n                                <IdentificationExpiryDate>2016-12-31 00:00:00.0</IdentificationExpiryDate>\n                                <IdentificationNumber>MD453662</IdentificationNumber>\n                                <IdentificationStatusValue>A</IdentificationStatusValue>\n                                <IdentificationValue>STATE</IdentificationValue>\n                                <StartDate>2012-01-01 00:00:00.0</StartDate>\n                                <TCRMExtension>\n                                    <ExtendedObject>XPartyIdentificationBObjExt</ExtendedObject>\n                                    <XPartyIdentificationBObjExt>\n                                        <ProvinceStateValue>PA</ProvinceStateValue>\n                                    </XPartyIdentificationBObjExt>\n                                </TCRMExtension>\n                            </TCRMPartyIdentificationBObj>\n                            <TCRMPartyIdentificationBObj>\n                                <ComponentID>3000088</ComponentID>\n                                <IdentificationExpiryDate>2013-03-31 00:00:00.0</IdentificationExpiryDate>\n                                <IdentificationNumber>C70005212</IdentificationNumber>\n                                <IdentificationStatusValue>I</IdentificationStatusValue>\n                                <IdentificationValue>STATE</IdentificationValue>\n                                <StartDate>2012-01-01 00:00:00.0</StartDate>\n                                <TCRMExtension>\n                                    <ExtendedObject>XPartyIdentificationBObjExt</ExtendedObject>\n                                    <XPartyIdentificationBObjExt>\n                                        <ProvinceStateValue>PA</ProvinceStateValue>\n                                    </XPartyIdentificationBObjExt>\n                                </TCRMExtension>\n                            </TCRMPartyIdentificationBObj>\n                            <TCRMPersonNameBObj>\n                                <GivenNameOne>DUSTIN</GivenNameOne>\n                                <GivenNameTwo>JOSEPH</GivenNameTwo>\n                                <LastName>MANCHESTER</LastName>\n                                <NameUsageType>1000001</NameUsageType>\n                                <NameUsageValue>Legal Name</NameUsageValue>\n                            </TCRMPersonNameBObj>\n                        </TCRMPersonBObj>\n                    </XPersonSearchResultBObjExt>\n                </TCRMExtension>\n            </TCRMPersonSearchResultBObj>\n        </ResponseObject>\n    </TxResponse>\n</TCRMService>",
			"descriptionFormat": "html",
			"time": 1486094140331,
			"version": 2,
			"responses": [],
			"tests": null,
			"currentHelper": "normal",
			"helperAttributes": {},
			"folder": "fbd13063-c841-2e9d-6143-f5f6a3fbf71d",
			"rawModeData": "<?xml version=\"1.0\" encoding=\"UTF-8\"?>\r\n<TCRMService xmlns:xsi=\"http://www.w3.org/2001/XMLSchema-instance\"\r\n xsi:noNamespaceSchemaLocation=\"myTCRM.xsd\">\r\n<RequestControl>\r\n<requestID>1000000</requestID>\r\n<DWLControl>\r\n<requesterName>MuleService</requesterName>\r\n<requesterLanguage>100</requesterLanguage>\r\n<lineOfBusiness>Medical</lineOfBusiness>\r\n<clientTransactionName>SearchPrescriber</clientTransactionName>\r\n<clientSystemName>eSD</clientSystemName>\r\n<sessionId>201303021204</sessionId>\r\n</DWLControl>\r\n</RequestControl>\r\n<TCRMTx>\r\n<TCRMTxType>searchPerson</TCRMTxType>\r\n<TCRMTxObject>TCRMPersonSearchBObj</TCRMTxObject>\r\n<TCRMObject>\r\n<TCRMPersonSearchBObj>\r\n<MaxReturn>100</MaxReturn>\r\n<GivenNameOne>MARK</GivenNameOne>\r\n<LastName>JAMESON</LastName>\r\n<ContactMethodReferenceNumber></ContactMethodReferenceNumber>\r\n<CityName></CityName>\r\n<ZipPostalCode></ZipPostalCode>\r\n<InquiryLevel>101</InquiryLevel>\r\n<TCRMExtension>\r\n<ExtendedObject>XPersonSearchBObjExt</ExtendedObject>\r\n<XPersonSearchBObjExt>\r\n<TCRMPartyIdentificationBObj>\r\n<IdentificationType>1000006</IdentificationType>\r\n<IdentificationNumber>C70005212</IdentificationNumber>\r\n<TCRMExtension>\r\n<ExtendedObject>XPartyIdentificationBObjExt</ExtendedObject>\r\n<XPartyIdentificationBObjExt>\r\n<ProvinceStateType>45</ProvinceStateType>\r\n</XPartyIdentificationBObjExt>\r\n</TCRMExtension>\r\n</TCRMPartyIdentificationBObj>\r\n</XPersonSearchBObjExt>\r\n</TCRMExtension>\r\n</TCRMPersonSearchBObj>\r\n</TCRMObject>\r\n</TCRMTx>\r\n</TCRMService>\r\n"
		},
		{
			"id": "f749939d-bebb-aa96-9ec4-c2ec0ed41e7f",
			"headers": "TRANSACTION_ID: 0\nCALLER_ID: 0\nORIG_CALLER_ID: 0\nAuthorization: Basic ZHVtbXk6ZHVtbXk=\nContent-Type: application/xml\n",
			"url": "http://mdmdev.medco.com/MDMHttpAdapter/ProcessRequest",
			"preRequestScript": null,
			"pathVariables": {},
			"method": "POST",
			"data": [],
			"dataMode": "raw",
			"version": 2,
			"tests": null,
			"currentHelper": "normal",
			"helperAttributes": {},
			"time": 1486510791808,
			"name": "MDM searchPerson by phone, city, and state",
			"description": "",
			"collectionId": "598d37b6-68a4-c604-7f6c-175b357866f5",
			"responses": [],
			"rawModeData": "<?xml version=\"1.0\" encoding=\"UTF-8\"?>\r\n<TCRMService xmlns:xsi=\"http://www.w3.org/2001/XMLSchema-instance\"\r\n xsi:noNamespaceSchemaLocation=\"myTCRM.xsd\">\r\n<RequestControl>\r\n<requestID>1000000</requestID>\r\n<DWLControl>\r\n<requesterName>MuleService</requesterName>\r\n<requesterLanguage>100</requesterLanguage>\r\n<lineOfBusiness>Medical</lineOfBusiness>\r\n<clientTransactionName>SearchPrescriber</clientTransactionName>\r\n<clientSystemName>eSD</clientSystemName>\r\n<sessionId>201303021204</sessionId>\r\n</DWLControl>\r\n</RequestControl>\r\n<TCRMTx>\r\n<TCRMTxType>searchPerson</TCRMTxType>\r\n<TCRMTxObject>TCRMPersonSearchBObj</TCRMTxObject>\r\n<TCRMObject>\r\n<TCRMPersonSearchBObj>\r\n<MaxReturn>100</MaxReturn>\r\n<GivenNameOne></GivenNameOne>\r\n<LastName></LastName>\r\n<DateOfBirth></DateOfBirth>\r\n<Gender></Gender>\r\n<PartyId></PartyId>\r\n<ContactMethodReferenceNumber>5306829860</ContactMethodReferenceNumber>\r\n<ContactMethodType></ContactMethodType>\r\n<AddrLineOne></AddrLineOne>\r\n<CityName>Allentown</CityName>\r\n<ProvStateType>33</ProvStateType>\r\n<ZipPostalCode></ZipPostalCode>\r\n<CountryType></CountryType>\r\n<InquiryLevel>101</InquiryLevel>\r\n<TCRMExtension>\r\n<ExtendedObject>XPersonSearchBObjExt</ExtendedObject>\r\n</TCRMExtension>\r\n</TCRMPersonSearchBObj>\r\n</TCRMObject>\r\n</TCRMTx>\r\n</TCRMService>\r\n"
		},
		{
			"id": "fdbb3ff9-a75d-ac73-2f8a-d69370ae711b",
			"headers": "Content-Type: application/xml\nCALLER_ID: 0\nORIG_CALLER_ID: 0\nTRANSACTION_ID: 0\n",
			"url": "http://mdmdev.medco.com/MDMHttpAdapter/ProcessRequest",
			"preRequestScript": null,
			"pathVariables": {},
			"method": "POST",
			"data": [],
			"dataMode": "raw",
			"tests": null,
			"currentHelper": "normal",
			"helperAttributes": {},
			"time": 1484161550656,
			"name": "MDM maintainPrescriberContactInfo",
			"description": "http://mdmdev.medco.com/MDMHttpAdapter/ProcessRequest",
			"collectionId": "598d37b6-68a4-c604-7f6c-175b357866f5",
			"responses": [],
			"folder": "f86ff225-14d4-da39-0fa4-3e918d0a48b6",
			"rawModeData": "<?xml version=\"1.0\" encoding=\"UTF-8\"?>\r\n<TCRMService xsi:noNamespaceSchemaLocation=\"myTCRM.xsd\" xmlns:xsi=\"http://www.w3.org/2001/XMLSchema-instance\">\r\n<RequestControl>\r\n<requestID>102</requestID>\r\n<DWLControl>\r\n<requesterName>MuleService</requesterName>\r\n<requesterLanguage>100</requesterLanguage>\r\n<lineOfBusiness>1000013</lineOfBusiness>\r\n<clientSystemName>TMW</clientSystemName>\r\n<sessionId>201303021204</sessionId>\r\n</DWLControl>\r\n</RequestControl>\r\n<TCRMTx>\r\n<TCRMTxType>maintainPrescriberContactInfo </TCRMTxType>\r\n<TCRMTxObject>XPhysicianBObj</TCRMTxObject>\r\n<TCRMObject>\r\n<TCRMExtension>\r\n<XPhysicianBObj>\r\n<TCRMPersonBObj>\r\n<TCRMPartyAddressBObj>\r\n<ObjectReferenceId>2</ObjectReferenceId>\r\n<AddressUsageType>1000004</AddressUsageType>\r\n<TCRMExtension>\r\n<ExtendedObject>XPartyAddressBObjExt </ExtendedObject>\r\n<XPartyAddressBObjExt>\r\n<XSourceType>1000081</XSourceType>\r\n<XLegacyUpdateDate>2014-10-09 02:03:37 </XLegacyUpdateDate>\r\n</XPartyAddressBObjExt>\r\n</TCRMExtension>\r\n<TCRMAddressBObj>\r\n<AddressLineOne>9944 ALIQUE ST</AddressLineOne>\r\n<AddressLineTwo/>\r\n<AddressLineThree/>\r\n<City>Tallahassee</City>\r\n<ZipPostalCode>72444</ZipPostalCode>\r\n<ProvinceStateType>12</ProvinceStateType>\r\n<TCRMExtension>\r\n<ExtendedObject>XAddressBObjExt</ExtendedObject>\r\n<XAddressBObjExt>\r\n<XCode1GenReturnType>1000006</XCode1GenReturnType>\r\n<XDPVReturnType>1000006</XDPVReturnType>\r\n<XLACSReturnType>1000006</XLACSReturnType>\r\n<XUSPSReturnType>1000007</XUSPSReturnType>\r\n<XAltAddrSchIndReturnType>1000005 </XAltAddrSchIndReturnType>\r\n<XHighRiseDfltIndReturnType>1000002 </XHighRiseDfltIndReturnType>\r\n<XRuralRouteDfltIndReturnType>1000002 </XRuralRouteDfltIndReturnType>\r\n</XAddressBObjExt>\r\n</TCRMExtension>\r\n</TCRMAddressBObj>\r\n</TCRMPartyAddressBObj>\r\n<TCRMPartyIdentificationBObj>\r\n<IdentificationType>1000003</IdentificationType>\r\n<IdentificationNumber>354564 </IdentificationNumber>\r\n<IdentificationStatusType/>\r\n<IdentificationExpiryDate/>\r\n<StartDate>2005-05-23 00:00:00</StartDate>\r\n<EndDate/>\r\n<TCRMExtension>\r\n<ExtendedObject>XPartyIdentificationBObjExt </ExtendedObject>\r\n<XPartyIdentificationBObjExt>\r\n<ProvinceStateType/>\r\n<XLegacyUpdateDate>2014-10-09 02:02:07 </XLegacyUpdateDate>\r\n</XPartyIdentificationBObjExt>\r\n</TCRMExtension>\r\n</TCRMPartyIdentificationBObj>\r\n<TCRMPersonNameBObj>\r\n<GenerationType/>\r\n<NameUsageType>1000001</NameUsageType>\r\n<PrefixType/>\r\n<PrefixDescription/>\r\n<GivenNameOne>Ashwani</GivenNameOne>\r\n<GivenNameTwo/>\r\n<LastName>Kumar</LastName>\r\n<Suffix/>\r\n<SourceIdentifierType>1000002</SourceIdentifierType>\r\n<TCRMExtension>\r\n<ExtendedObject>XPersonNameBObjExt</ExtendedObject>\r\n<XPersonNameBObjExt>\r\n<XLegacyUpdateDate>2014-10-09 02:02:08 </XLegacyUpdateDate>\r\n</XPersonNameBObjExt>\r\n</TCRMExtension>\r\n</TCRMPersonNameBObj>\r\n</TCRMPersonBObj>\r\n</XPhysicianBObj>\r\n</TCRMExtension>\r\n</TCRMObject>\r\n</TCRMTx>\r\n</TCRMService>\r\n"
		}
	]
}