<?xml version="1.0" encoding="UTF-8"?>
<TCRMService xmlns:xsi="http://www.w3.org/2001/XMLSchema-instance" xsi:noNamespaceSchemaLocation="tCRMResponse.xsd">
	<ResponseControl>
		<ResultCode>SUCCESS</ResultCode>
		<ServiceTime>155</ServiceTime>
		<DWLControl>
			<clientSystemName>TMW</clientSystemName>
			<lineOfBusiness>1000013</lineOfBusiness>
			<requesterLanguage>100</requesterLanguage>
			<requesterLocale>en</requesterLocale>
			<requesterName>MuleService</requesterName>
			<requestID>1000000</requestID>
			<sessionId>201303021204</sessionId>
		</DWLControl>
	</ResponseControl>
	<TxResponse>
		<RequestType>getPrescriberContactInfo</RequestType>
		<TxResult>
			<ResultCode>SUCCESS</ResultCode>
		</TxResult>
		<ResponseObject>
			<TCRMPersonBObj>
				<ComponentID>3000074</ComponentID>
				<ComputerAccessType>1000002</ComputerAccessType>
				<ComputerAccessValue>Prescriber</ComputerAccessValue>
				<CreatedDate>2014-12-17 07:36:19.553</CreatedDate>
				<DisplayName>BOWMAN MACAULAY</DisplayName>
				<PartyActiveIndicator>Y</PartyActiveIndicator>
				<PartyId>885441881977956411</PartyId>
				<PartyLastUpdateDate>2014-12-17 07:36:19.565</PartyLastUpdateDate>
				<PartyLastUpdateTxId>380741881977934655</PartyLastUpdateTxId>
				<PartyLastUpdateUser>ETL-CMS</PartyLastUpdateUser>
				<PartyType>P</PartyType>
				<DoNotDeleteIndicator>1</DoNotDeleteIndicator>
				<PersonLastUpdateDate>2014-12-17 07:36:19.566</PersonLastUpdateDate>
				<PersonLastUpdateTxId>380741881977934655</PersonLastUpdateTxId>
				<PersonLastUpdateUser>ETL-CMS</PersonLastUpdateUser>
				<PersonPartyId>885441881977956411</PersonPartyId>
				<DWLStatus>
					<Status>0</Status>
				</DWLStatus>
				<TCRMPartyAddressBObj>
					<ComponentID>3000096</ComponentID>
					<AddressGroupLastUpdateDate>2015-06-12 15:51:35.878999</AddressGroupLastUpdateDate>
					<AddressGroupLastUpdateTxId>429243162830731448</AddressGroupLastUpdateTxId>
					<AddressGroupLastUpdateUser>PrescriberInfo</AddressGroupLastUpdateUser>
					<AddressId>556841881779028547</AddressId>
					<AddressUsageType>1000001</AddressUsageType>
					<AddressUsageValue>Office Practice Location</AddressUsageValue>
					<LocationGroupLastUpdateDate>2015-05-14 14:31:47.648</LocationGroupLastUpdateDate>
					<LocationGroupLastUpdateTxId>429243162830731448</LocationGroupLastUpdateTxId>
					<LocationGroupLastUpdateUser>PrescriberInfo</LocationGroupLastUpdateUser>
					<PartyAddressIdPK>729243162830764886</PartyAddressIdPK>
					<PartyId>885441881977956411</PartyId>
					<StartDate>2015-05-14 14:31:47.000626</StartDate>
					<DWLStatus>
						<Status>0</Status>
					</DWLStatus>
					<TCRMAddressBObj>
						<ComponentID>5555467</ComponentID>
						<AddressIdPK>556841881779028547</AddressIdPK>
						<AddressLastUpdateDate>2014-12-17 07:03:10.285</AddressLastUpdateDate>
						<AddressLastUpdateTxId>662441881778996061</AddressLastUpdateTxId>
						<AddressLastUpdateUser>MuleService</AddressLastUpdateUser>
						<AddressLineOne>9944 ALIQUE ST</AddressLineOne>
						<City>Tallahassee</City>
						<ProvinceStateType>12</ProvinceStateType>
						<ProvinceStateValue>FL</ProvinceStateValue>
						<ZipPostalCode>72444</ZipPostalCode>
						<DWLStatus>
							<Status>0</Status>
						</DWLStatus>
						<TCRMExtension>
							<ExtendedObject>XAddressBObjExt</ExtendedObject>
							<XAddressBObjExt>
								<XCode1GenReturnType>1000006</XCode1GenReturnType>
								<XCode1GenReturnValue>S</XCode1GenReturnValue>
								<XDPVReturnType>1000006</XDPVReturnType>
								<XDPVReturnValue>BLANK</XDPVReturnValue>
								<XLACSReturnType>1000006</XLACSReturnType>
								<XLACSReturnValue>BLANK</XLACSReturnValue>
								<XUSPSReturnType>1000007</XUSPSReturnType>
								<XUSPSReturnValue>BLANK</XUSPSReturnValue>
								<XAltAddrSchIndReturnType>1000005</XAltAddrSchIndReturnType>
								<XAltAddrSchIndReturnValue>BLANK</XAltAddrSchIndReturnValue>
								<XHighRiseDfltIndReturnType>1000002</XHighRiseDfltIndReturnType>
								<XHighRiseDfltIndReturnValue>BLANK</XHighRiseDfltIndReturnValue>
								<XRuralRouteDfltIndReturnType>1000002</XRuralRouteDfltIndReturnType>
								<XRuralRouteDfltIndReturnValue>BLANK</XRuralRouteDfltIndReturnValue>
							</XAddressBObjExt>
						</TCRMExtension>
					</TCRMAddressBObj>
					<TCRMExtension>
						<ExtendedObject>XPartyAddressBObjExt</ExtendedObject>
						<XPartyAddressBObjExt>
							<XSourceType>1000069</XSourceType>
							<XSourceValue>DoD</XSourceValue>
							<XLegacyUpdateDate>2014-10-09 02:03:37.0</XLegacyUpdateDate>
							<XPartyAddressLastUpdateDate>2015-06-12 15:51:35.878999</XPartyAddressLastUpdateDate>
							<XPartyAddressLastUpdateTxId>429243162830731448</XPartyAddressLastUpdateTxId>
							<XPartyAddressLastUpdateUser>PrescriberInfo</XPartyAddressLastUpdateUser>
						</XPartyAddressBObjExt>
					</TCRMExtension>
				</TCRMPartyAddressBObj>
				<TCRMPartyAddressBObj>
					<ComponentID>3000096</ComponentID>
					<AddressGroupLastUpdateDate>2015-07-09 13:51:16.039994</AddressGroupLastUpdateDate>
					<AddressGroupLastUpdateTxId>380741881977934655</AddressGroupLastUpdateTxId>
					<AddressGroupLastUpdateUser>ETL-CMS</AddressGroupLastUpdateUser>
					<AddressId>706743513954309907</AddressId>
					<AddressUsageType>1000001</AddressUsageType>
					<AddressUsageValue>Office Practice Location</AddressUsageValue>
					<LocationGroupLastUpdateDate>2014-12-17 07:36:19.68</LocationGroupLastUpdateDate>
					<LocationGroupLastUpdateTxId>380741881977934655</LocationGroupLastUpdateTxId>
					<LocationGroupLastUpdateUser>ETL-CMS</LocationGroupLastUpdateUser>
					<PartyAddressIdPK>919441881977968053</PartyAddressIdPK>
					<PartyId>885441881977956411</PartyId>
					<StartDate>2014-12-17 07:36:19.000519</StartDate>
					<DWLStatus>
						<Status>0</Status>
					</DWLStatus>
					<TCRMAddressBObj>
						<ComponentID>5555467</ComponentID>
						<AddressIdPK>706743513954309907</AddressIdPK>
						<AddressLastUpdateDate>2015-06-24 05:52:23.114</AddressLastUpdateDate>
						<AddressLastUpdateTxId>702043513952436323</AddressLastUpdateTxId>
						<AddressLastUpdateUser>ETL-CMS</AddressLastUpdateUser>
						<AddressLineOne>9944 ALIQUET ST</AddressLineOne>
						<City>Tallahassee</City>
						<ProvinceStateType>12</ProvinceStateType>
						<ProvinceStateValue>FL</ProvinceStateValue>
						<ZipPostalCode>72444</ZipPostalCode>
						<DWLStatus>
							<Status>0</Status>
						</DWLStatus>
						<TCRMExtension>
							<ExtendedObject>XAddressBObjExt</ExtendedObject>
							<XAddressBObjExt>
								<XCode1GenReturnType>1000006</XCode1GenReturnType>
								<XCode1GenReturnValue>S</XCode1GenReturnValue>
								<XDPVReturnType>1000006</XDPVReturnType>
								<XDPVReturnValue>BLANK</XDPVReturnValue>
								<XLACSReturnType>1000006</XLACSReturnType>
								<XLACSReturnValue>BLANK</XLACSReturnValue>
								<XUSPSReturnType>1000007</XUSPSReturnType>
								<XUSPSReturnValue>BLANK</XUSPSReturnValue>
								<XAltAddrSchIndReturnType>1000005</XAltAddrSchIndReturnType>
								<XAltAddrSchIndReturnValue>BLANK</XAltAddrSchIndReturnValue>
								<XHighRiseDfltIndReturnType>1000002</XHighRiseDfltIndReturnType>
								<XHighRiseDfltIndReturnValue>BLANK</XHighRiseDfltIndReturnValue>
								<XRuralRouteDfltIndReturnType>1000002</XRuralRouteDfltIndReturnType>
								<XRuralRouteDfltIndReturnValue>BLANK</XRuralRouteDfltIndReturnValue>
							</XAddressBObjExt>
						</TCRMExtension>
					</TCRMAddressBObj>
					<TCRMExtension>
						<ExtendedObject>XPartyAddressBObjExt</ExtendedObject>
						<XPartyAddressBObjExt>
							<XSourceType>1000018</XSourceType>
							<XSourceValue>CMS</XSourceValue>
							<XLegacyUpdateDate>2014-10-09 02:03:37.0</XLegacyUpdateDate>
							<XPartyAddressLastUpdateDate>2015-07-09 13:51:16.039994</XPartyAddressLastUpdateDate>
							<XPartyAddressLastUpdateTxId>380741881977934655</XPartyAddressLastUpdateTxId>
							<XPartyAddressLastUpdateUser>ETL-CMS</XPartyAddressLastUpdateUser>
						</XPartyAddressBObjExt>
					</TCRMExtension>
				</TCRMPartyAddressBObj>
				<TCRMPartyContactMethodBObj>
					<ComponentID>3000107</ComponentID>
					<ContactMethodGroupLastUpdateDate>2015-11-13 09:51:46.638</ContactMethodGroupLastUpdateDate>
					<ContactMethodGroupLastUpdateTxId>269444742630552545</ContactMethodGroupLastUpdateTxId>
					<ContactMethodGroupLastUpdateUser>ETL-OPS2</ContactMethodGroupLastUpdateUser>
					<ContactMethodId>419844742630662889</ContactMethodId>
					<ContactMethodUsageType>1000007</ContactMethodUsageType>
					<ContactMethodUsageValue>E-mail</ContactMethodUsageValue>
					<LocationGroupLastUpdateDate>2015-11-13 09:51:46.634</LocationGroupLastUpdateDate>
					<LocationGroupLastUpdateTxId>269444742630552545</LocationGroupLastUpdateTxId>
					<LocationGroupLastUpdateUser>ETL-OPS2</LocationGroupLastUpdateUser>
					<PartyContactMethodIdPK>140544742630663301</PartyContactMethodIdPK>
					<PartyId>885441881977956411</PartyId>
					<StartDate>2015-08-19 07:58:33.0</StartDate>
					<DWLStatus>
						<Status>0</Status>
					</DWLStatus>
					<TCRMContactMethodBObj>
						<ContactMethodIdPK>419844742630662889</ContactMethodIdPK>
						<ContactMethodLastUpdateDate>2015-11-13 09:51:46.628</ContactMethodLastUpdateDate>
						<ContactMethodLastUpdateTxId>269444742630552545</ContactMethodLastUpdateTxId>
						<ContactMethodLastUpdateUser>ETL-OPS2</ContactMethodLastUpdateUser>
						<ContactMethodType>2</ContactMethodType>
						<ContactMethodValue>Email Address</ContactMethodValue>
						<ReferenceNumber>ROS@GMAIL.COM</ReferenceNumber>
						<DWLStatus>
							<Status>0</Status>
						</DWLStatus>
					</TCRMContactMethodBObj>
					<TCRMExtension>
						<ExtendedObject>XPartyContactMethodBObjExt</ExtendedObject>
						<XPartyContactMethodBObjExt>
							<XSourceType>1000077</XSourceType>
							<XSourceValue>Concierge</XSourceValue>
							<XLegacyUpdateDate>2015-08-19 07:58:33.0</XLegacyUpdateDate>
							<XPartyContactMethodLastUpdateDate>2015-11-13 09:51:46.638</XPartyContactMethodLastUpdateDate>
							<XPartyContactMethodLastUpdateTxId>269444742630552545</XPartyContactMethodLastUpdateTxId>
							<XPartyContactMethodLastUpdateUser>ETL-OPS2</XPartyContactMethodLastUpdateUser>
						</XPartyContactMethodBObjExt>
					</TCRMExtension>
				</TCRMPartyContactMethodBObj>
				<TCRMPartyContactMethodBObj>
					<ComponentID>3000107</ComponentID>
					<ContactMethodGroupLastUpdateDate>2015-11-13 09:51:46.605</ContactMethodGroupLastUpdateDate>
					<ContactMethodGroupLastUpdateTxId>269444742630552545</ContactMethodGroupLastUpdateTxId>
					<ContactMethodGroupLastUpdateUser>ETL-OPS2</ContactMethodGroupLastUpdateUser>
					<ContactMethodId>725544742630658839</ContactMethodId>
					<ContactMethodUsageType>1000006</ContactMethodUsageType>
					<ContactMethodUsageValue>Office Phone</ContactMethodUsageValue>
					<LocationGroupLastUpdateDate>2015-11-13 09:51:46.599</LocationGroupLastUpdateDate>
					<LocationGroupLastUpdateTxId>269444742630552545</LocationGroupLastUpdateTxId>
					<LocationGroupLastUpdateUser>ETL-OPS2</LocationGroupLastUpdateUser>
					<PartyContactMethodIdPK>159944742630659992</PartyContactMethodIdPK>
					<PartyId>885441881977956411</PartyId>
					<StartDate>2015-08-19 07:58:33.0</StartDate>
					<DWLStatus>
						<Status>0</Status>
					</DWLStatus>
					<TCRMContactMethodBObj>
						<ContactMethodIdPK>725544742630658839</ContactMethodIdPK>
						<ContactMethodLastUpdateDate>2015-11-13 09:51:46.589</ContactMethodLastUpdateDate>
						<ContactMethodLastUpdateTxId>269444742630552545</ContactMethodLastUpdateTxId>
						<ContactMethodLastUpdateUser>ETL-OPS2</ContactMethodLastUpdateUser>
						<ContactMethodType>1</ContactMethodType>
						<ContactMethodValue>Telephone Number</ContactMethodValue>
						<ReferenceNumber>(720) 848 0458</ReferenceNumber>
						<TCRMPhoneNumberBObj>
							<PhoneNumberId>926844742630659320</PhoneNumberId>
							<ContactMethodId>725544742630658839</ContactMethodId>
							<PhoneCountryCode>001</PhoneCountryCode>
							<PhoneAreaCode>720</PhoneAreaCode>
							<PhoneExchange>848</PhoneExchange>
							<PhoneNumber>0458</PhoneNumber>
							<PhoneLastUpdateDate>2015-11-13 09:51:46.594</PhoneLastUpdateDate>
							<PhoneLastUpdateUser>ETL-OPS2</PhoneLastUpdateUser>
							<PhoneLastUpdateTxId>269444742630552545</PhoneLastUpdateTxId>
						</TCRMPhoneNumberBObj>
						<DWLStatus>
							<Status>0</Status>
						</DWLStatus>
					</TCRMContactMethodBObj>
					<TCRMExtension>
						<ExtendedObject>XPartyContactMethodBObjExt</ExtendedObject>
						<XPartyContactMethodBObjExt>
							<XSourceType>1000077</XSourceType>
							<XSourceValue>Concierge</XSourceValue>
							<XLegacyUpdateDate>2015-08-19 07:58:33.0</XLegacyUpdateDate>
							<XPartyContactMethodLastUpdateDate>2015-11-13 09:51:46.605</XPartyContactMethodLastUpdateDate>
							<XPartyContactMethodLastUpdateTxId>269444742630552545</XPartyContactMethodLastUpdateTxId>
							<XPartyContactMethodLastUpdateUser>ETL-OPS2</XPartyContactMethodLastUpdateUser>
						</XPartyContactMethodBObjExt>
					</TCRMExtension>
				</TCRMPartyContactMethodBObj>
				<TCRMPartyContactMethodBObj>
					<ComponentID>3000107</ComponentID>
					<ContactMethodGroupLastUpdateDate>2016-10-18 13:59:50.085</ContactMethodGroupLastUpdateDate>
					<ContactMethodGroupLastUpdateTxId>441476813587224198</ContactMethodGroupLastUpdateTxId>
					<ContactMethodGroupLastUpdateUser>ETL-CMS</ContactMethodGroupLastUpdateUser>
					<ContactMethodId>338476813589998393</ContactMethodId>
					<ContactMethodUsageType>1000002</ContactMethodUsageType>
					<ContactMethodUsageValue>Work Phone</ContactMethodUsageValue>
					<LocationGroupLastUpdateDate>2016-10-18 13:59:50.057</LocationGroupLastUpdateDate>
					<LocationGroupLastUpdateTxId>441476813587224198</LocationGroupLastUpdateTxId>
					<LocationGroupLastUpdateUser>ETL-CMS</LocationGroupLastUpdateUser>
					<PartyContactMethodIdPK>172547681359005627</PartyContactMethodIdPK>
					<PartyId>885441881977956411</PartyId>
					<StartDate>2016-10-18 13:59:47.000429</StartDate>
					<DWLStatus>
						<Status>0</Status>
					</DWLStatus>
					<TCRMContactMethodBObj>
						<ContactMethodIdPK>338476813589998393</ContactMethodIdPK>
						<ContactMethodLastUpdateDate>2016-10-18 13:59:49.998</ContactMethodLastUpdateDate>
						<ContactMethodLastUpdateTxId>441476813587224198</ContactMethodLastUpdateTxId>
						<ContactMethodLastUpdateUser>ETL-CMS</ContactMethodLastUpdateUser>
						<ContactMethodType>1</ContactMethodType>
						<ContactMethodValue>Telephone Number</ContactMethodValue>
						<ReferenceNumber>(732) 289 4222</ReferenceNumber>
						<TCRMPhoneNumberBObj>
							<PhoneNumberId>435447681359004242</PhoneNumberId>
							<ContactMethodId>338476813589998393</ContactMethodId>
							<PhoneCountryCode>001</PhoneCountryCode>
							<PhoneAreaCode>732</PhoneAreaCode>
							<PhoneExchange>289</PhoneExchange>
							<PhoneNumber>4222</PhoneNumber>
							<PhoneLastUpdateDate>2016-10-18 13:59:50.043</PhoneLastUpdateDate>
							<PhoneLastUpdateUser>ETL-CMS</PhoneLastUpdateUser>
							<PhoneLastUpdateTxId>441476813587224198</PhoneLastUpdateTxId>
						</TCRMPhoneNumberBObj>
						<DWLStatus>
							<Status>0</Status>
						</DWLStatus>
					</TCRMContactMethodBObj>
					<TCRMExtension>
						<ExtendedObject>XPartyContactMethodBObjExt</ExtendedObject>
						<XPartyContactMethodBObjExt>
							<XSourceType>1000018</XSourceType>
							<XSourceValue>CMS</XSourceValue>
							<XLegacyUpdateDate>2016-10-18 13:59:47.0</XLegacyUpdateDate>
							<XPartyContactMethodLastUpdateDate>2016-10-18 13:59:50.085</XPartyContactMethodLastUpdateDate>
							<XPartyContactMethodLastUpdateTxId>441476813587224198</XPartyContactMethodLastUpdateTxId>
							<XPartyContactMethodLastUpdateUser>ETL-CMS</XPartyContactMethodLastUpdateUser>
						</XPartyContactMethodBObjExt>
					</TCRMExtension>
				</TCRMPartyContactMethodBObj>
				<TCRMPartyContactMethodBObj>
					<ComponentID>3000107</ComponentID>
					<ContactMethodGroupLastUpdateDate>2016-10-18 13:59:50.216</ContactMethodGroupLastUpdateDate>
					<ContactMethodGroupLastUpdateTxId>441476813587224198</ContactMethodGroupLastUpdateTxId>
					<ContactMethodGroupLastUpdateUser>ETL-CMS</ContactMethodGroupLastUpdateUser>
					<ContactMethodId>164547681359017414</ContactMethodId>
					<ContactMethodUsageType>1000009</ContactMethodUsageType>
					<ContactMethodUsageValue>Home Fax</ContactMethodUsageValue>
					<LocationGroupLastUpdateDate>2016-10-18 13:59:50.177</LocationGroupLastUpdateDate>
					<LocationGroupLastUpdateTxId>441476813587224198</LocationGroupLastUpdateTxId>
					<LocationGroupLastUpdateUser>ETL-CMS</LocationGroupLastUpdateUser>
					<PartyContactMethodIdPK>234476813590177834</PartyContactMethodIdPK>
					<PartyId>885441881977956411</PartyId>
					<StartDate>2016-10-18 13:59:47.000431</StartDate>
					<DWLStatus>
						<Status>0</Status>
					</DWLStatus>
					<TCRMContactMethodBObj>
						<ContactMethodIdPK>164547681359017414</ContactMethodIdPK>
						<ContactMethodLastUpdateDate>2016-10-18 13:59:50.174</ContactMethodLastUpdateDate>
						<ContactMethodLastUpdateTxId>441476813587224198</ContactMethodLastUpdateTxId>
						<ContactMethodLastUpdateUser>ETL-CMS</ContactMethodLastUpdateUser>
						<ContactMethodType>3</ContactMethodType>
						<ContactMethodValue>Fax Number</ContactMethodValue>
						<ReferenceNumber>1234567890</ReferenceNumber>
						<DWLStatus>
							<Status>0</Status>
						</DWLStatus>
					</TCRMContactMethodBObj>
					<TCRMExtension>
						<ExtendedObject>XPartyContactMethodBObjExt</ExtendedObject>
						<XPartyContactMethodBObjExt>
							<XSecureFaxInd>Y</XSecureFaxInd>
							<XSourceType>1000018</XSourceType>
							<XSourceValue>CMS</XSourceValue>
							<XLegacyUpdateDate>2016-10-18 13:59:47.0</XLegacyUpdateDate>
							<XPartyContactMethodLastUpdateDate>2016-10-18 13:59:50.216</XPartyContactMethodLastUpdateDate>
							<XPartyContactMethodLastUpdateTxId>441476813587224198</XPartyContactMethodLastUpdateTxId>
							<XPartyContactMethodLastUpdateUser>ETL-CMS</XPartyContactMethodLastUpdateUser>
						</XPartyContactMethodBObjExt>
					</TCRMExtension>
				</TCRMPartyContactMethodBObj>
				<TCRMPartyContactMethodBObj>
					<ComponentID>3000107</ComponentID>
					<ContactMethodGroupLastUpdateDate>2014-12-17 07:36:19.719</ContactMethodGroupLastUpdateDate>
					<ContactMethodGroupLastUpdateTxId>380741881977934655</ContactMethodGroupLastUpdateTxId>
					<ContactMethodGroupLastUpdateUser>ETL-CMS</ContactMethodGroupLastUpdateUser>
					<ContactMethodId>917941881977970426</ContactMethodId>
					<ContactMethodUsageType>1000028</ContactMethodUsageType>
					<ContactMethodUsageValue>Correspondence Fax</ContactMethodUsageValue>
					<LocationGroupLastUpdateDate>2014-12-17 07:36:19.718</LocationGroupLastUpdateDate>
					<LocationGroupLastUpdateTxId>380741881977934655</LocationGroupLastUpdateTxId>
					<LocationGroupLastUpdateUser>ETL-CMS</LocationGroupLastUpdateUser>
					<PartyContactMethodIdPK>615241881977971744</PartyContactMethodIdPK>
					<PartyId>885441881977956411</PartyId>
					<StartDate>2014-12-17 07:36:19.000525</StartDate>
					<DWLStatus>
						<Status>0</Status>
					</DWLStatus>
					<TCRMContactMethodBObj>
						<ContactMethodIdPK>917941881977970426</ContactMethodIdPK>
						<ContactMethodLastUpdateDate>2014-12-17 07:36:19.704</ContactMethodLastUpdateDate>
						<ContactMethodLastUpdateTxId>380741881977934655</ContactMethodLastUpdateTxId>
						<ContactMethodLastUpdateUser>ETL-CMS</ContactMethodLastUpdateUser>
						<ContactMethodType>3</ContactMethodType>
						<ContactMethodValue>Fax Number</ContactMethodValue>
						<ReferenceNumber>(301) 520 5114</ReferenceNumber>
						<DWLStatus>
							<Status>0</Status>
						</DWLStatus>
					</TCRMContactMethodBObj>
					<TCRMExtension>
						<ExtendedObject>XPartyContactMethodBObjExt</ExtendedObject>
						<XPartyContactMethodBObjExt>
							<XSourceType>1000018</XSourceType>
							<XSourceValue>CMS</XSourceValue>
							<XLegacyUpdateDate>2014-10-09 02:02:15.0</XLegacyUpdateDate>
							<XPartyContactMethodLastUpdateDate>2014-12-17 07:36:19.719</XPartyContactMethodLastUpdateDate>
							<XPartyContactMethodLastUpdateTxId>380741881977934655</XPartyContactMethodLastUpdateTxId>
							<XPartyContactMethodLastUpdateUser>ETL-CMS</XPartyContactMethodLastUpdateUser>
						</XPartyContactMethodBObjExt>
					</TCRMExtension>
				</TCRMPartyContactMethodBObj>
				<TCRMPartyContactMethodBObj>
					<ComponentID>3000107</ComponentID>
					<ContactMethodGroupLastUpdateDate>2016-10-18 15:35:01.924</ContactMethodGroupLastUpdateDate>
					<ContactMethodGroupLastUpdateTxId>626547681930021680</ContactMethodGroupLastUpdateTxId>
					<ContactMethodGroupLastUpdateUser>ETL-CMS</ContactMethodGroupLastUpdateUser>
					<ContactMethodId>112447681930187816</ContactMethodId>
					<ContactMethodUsageType>1000003</ContactMethodUsageType>
					<ContactMethodUsageValue>Cell</ContactMethodUsageValue>
					<LocationGroupLastUpdateDate>2016-10-18 15:35:01.901</LocationGroupLastUpdateDate>
					<LocationGroupLastUpdateTxId>626547681930021680</LocationGroupLastUpdateTxId>
					<LocationGroupLastUpdateUser>ETL-CMS</LocationGroupLastUpdateUser>
					<PartyContactMethodIdPK>715047681930190022</PartyContactMethodIdPK>
					<PartyId>885441881977956411</PartyId>
					<StartDate>2016-10-18 13:59:47.00043</StartDate>
					<DWLStatus>
						<Status>0</Status>
					</DWLStatus>
					<TCRMContactMethodBObj>
						<ContactMethodIdPK>112447681930187816</ContactMethodIdPK>
						<ContactMethodLastUpdateDate>2016-10-18 15:35:01.878</ContactMethodLastUpdateDate>
						<ContactMethodLastUpdateTxId>626547681930021680</ContactMethodLastUpdateTxId>
						<ContactMethodLastUpdateUser>ETL-CMS</ContactMethodLastUpdateUser>
						<ContactMethodType>1</ContactMethodType>
						<ContactMethodValue>Telephone Number</ContactMethodValue>
						<ReferenceNumber>(848) 391 0161</ReferenceNumber>
						<TCRMPhoneNumberBObj>
							<PhoneNumberId>481947681930189684</PhoneNumberId>
							<ContactMethodId>112447681930187816</ContactMethodId>
							<PhoneCountryCode>001</PhoneCountryCode>
							<PhoneAreaCode>848</PhoneAreaCode>
							<PhoneExchange>391</PhoneExchange>
							<PhoneNumber>0161</PhoneNumber>
							<PhoneLastUpdateDate>2016-10-18 15:35:01.897</PhoneLastUpdateDate>
							<PhoneLastUpdateUser>ETL-CMS</PhoneLastUpdateUser>
							<PhoneLastUpdateTxId>626547681930021680</PhoneLastUpdateTxId>
						</TCRMPhoneNumberBObj>
						<DWLStatus>
							<Status>0</Status>
						</DWLStatus>
					</TCRMContactMethodBObj>
					<TCRMExtension>
						<ExtendedObject>XPartyContactMethodBObjExt</ExtendedObject>
						<XPartyContactMethodBObjExt>
							<XSourceType>1000018</XSourceType>
							<XSourceValue>CMS</XSourceValue>
							<XLegacyUpdateDate>2016-10-18 15:35:00.0</XLegacyUpdateDate>
							<XPartyContactMethodLastUpdateDate>2016-10-18 15:35:01.924</XPartyContactMethodLastUpdateDate>
							<XPartyContactMethodLastUpdateTxId>626547681930021680</XPartyContactMethodLastUpdateTxId>
							<XPartyContactMethodLastUpdateUser>ETL-CMS</XPartyContactMethodLastUpdateUser>
						</XPartyContactMethodBObjExt>
					</TCRMExtension>
				</TCRMPartyContactMethodBObj>
				<TCRMPartyContactMethodBObj>
					<ComponentID>3000107</ComponentID>
					<ContactMethodGroupLastUpdateDate>2015-11-13 09:51:46.622</ContactMethodGroupLastUpdateDate>
					<ContactMethodGroupLastUpdateTxId>269444742630552545</ContactMethodGroupLastUpdateTxId>
					<ContactMethodGroupLastUpdateUser>ETL-OPS2</ContactMethodGroupLastUpdateUser>
					<ContactMethodId>724844742630661385</ContactMethodId>
					<ContactMethodUsageType>1000008</ContactMethodUsageType>
					<ContactMethodUsageValue>Office Fax</ContactMethodUsageValue>
					<LocationGroupLastUpdateDate>2015-11-13 09:51:46.617</LocationGroupLastUpdateDate>
					<LocationGroupLastUpdateTxId>269444742630552545</LocationGroupLastUpdateTxId>
					<LocationGroupLastUpdateUser>ETL-OPS2</LocationGroupLastUpdateUser>
					<PartyContactMethodIdPK>830044742630661652</PartyContactMethodIdPK>
					<PartyId>885441881977956411</PartyId>
					<StartDate>2015-08-19 07:58:33.0</StartDate>
					<DWLStatus>
						<Status>0</Status>
					</DWLStatus>
					<TCRMContactMethodBObj>
						<ContactMethodIdPK>724844742630661385</ContactMethodIdPK>
						<ContactMethodLastUpdateDate>2015-11-13 09:51:46.613</ContactMethodLastUpdateDate>
						<ContactMethodLastUpdateTxId>269444742630552545</ContactMethodLastUpdateTxId>
						<ContactMethodLastUpdateUser>ETL-OPS2</ContactMethodLastUpdateUser>
						<ContactMethodType>3</ContactMethodType>
						<ContactMethodValue>Fax Number</ContactMethodValue>
						<ReferenceNumber>(720) 848 0710</ReferenceNumber>
						<DWLStatus>
							<Status>0</Status>
						</DWLStatus>
					</TCRMContactMethodBObj>
					<TCRMExtension>
						<ExtendedObject>XPartyContactMethodBObjExt</ExtendedObject>
						<XPartyContactMethodBObjExt>
							<XSourceType>1000077</XSourceType>
							<XSourceValue>Concierge</XSourceValue>
							<XLegacyUpdateDate>2015-08-19 07:58:33.0</XLegacyUpdateDate>
							<XPartyContactMethodLastUpdateDate>2015-11-13 09:51:46.622</XPartyContactMethodLastUpdateDate>
							<XPartyContactMethodLastUpdateTxId>269444742630552545</XPartyContactMethodLastUpdateTxId>
							<XPartyContactMethodLastUpdateUser>ETL-OPS2</XPartyContactMethodLastUpdateUser>
						</XPartyContactMethodBObjExt>
					</TCRMExtension>
				</TCRMPartyContactMethodBObj>
				<TCRMPartyContactMethodBObj>
					<ComponentID>3000107</ComponentID>
					<ContactMethodGroupLastUpdateDate>2016-10-18 13:59:50.168</ContactMethodGroupLastUpdateDate>
					<ContactMethodGroupLastUpdateTxId>441476813587224198</ContactMethodGroupLastUpdateTxId>
					<ContactMethodGroupLastUpdateUser>ETL-CMS</ContactMethodGroupLastUpdateUser>
					<ContactMethodId>740347681359012070</ContactMethodId>
					<ContactMethodUsageType>1000003</ContactMethodUsageType>
					<ContactMethodUsageValue>Cell</ContactMethodUsageValue>
					<LocationGroupLastUpdateDate>2016-10-18 13:59:50.155</LocationGroupLastUpdateDate>
					<LocationGroupLastUpdateTxId>441476813587224198</LocationGroupLastUpdateTxId>
					<LocationGroupLastUpdateUser>ETL-CMS</LocationGroupLastUpdateUser>
					<PartyContactMethodIdPK>855347681359015559</PartyContactMethodIdPK>
					<PartyId>885441881977956411</PartyId>
					<StartDate>2016-10-18 13:59:47.00043</StartDate>
					<DWLStatus>
						<Status>0</Status>
					</DWLStatus>
					<TCRMContactMethodBObj>
						<ContactMethodIdPK>740347681359012070</ContactMethodIdPK>
						<ContactMethodLastUpdateDate>2016-10-18 13:59:50.12</ContactMethodLastUpdateDate>
						<ContactMethodLastUpdateTxId>441476813587224198</ContactMethodLastUpdateTxId>
						<ContactMethodLastUpdateUser>ETL-CMS</ContactMethodLastUpdateUser>
						<ContactMethodType>1</ContactMethodType>
						<ContactMethodValue>Telephone Number</ContactMethodValue>
						<ReferenceNumber>(848) 391 0161</ReferenceNumber>
						<TCRMPhoneNumberBObj>
							<PhoneNumberId>634247681359014064</PhoneNumberId>
							<ContactMethodId>740347681359012070</ContactMethodId>
							<PhoneCountryCode>001</PhoneCountryCode>
							<PhoneAreaCode>848</PhoneAreaCode>
							<PhoneExchange>391</PhoneExchange>
							<PhoneNumber>0161</PhoneNumber>
							<PhoneLastUpdateDate>2016-10-18 13:59:50.14</PhoneLastUpdateDate>
							<PhoneLastUpdateUser>ETL-CMS</PhoneLastUpdateUser>
							<PhoneLastUpdateTxId>441476813587224198</PhoneLastUpdateTxId>
						</TCRMPhoneNumberBObj>
						<DWLStatus>
							<Status>0</Status>
						</DWLStatus>
					</TCRMContactMethodBObj>
					<TCRMExtension>
						<ExtendedObject>XPartyContactMethodBObjExt</ExtendedObject>
						<XPartyContactMethodBObjExt>
							<XSourceType>1000018</XSourceType>
							<XSourceValue>CMS</XSourceValue>
							<XLegacyUpdateDate>2016-10-18 13:59:47.0</XLegacyUpdateDate>
							<XPartyContactMethodLastUpdateDate>2016-10-18 13:59:50.168</XPartyContactMethodLastUpdateDate>
							<XPartyContactMethodLastUpdateTxId>441476813587224198</XPartyContactMethodLastUpdateTxId>
							<XPartyContactMethodLastUpdateUser>ETL-CMS</XPartyContactMethodLastUpdateUser>
						</XPartyContactMethodBObjExt>
					</TCRMExtension>
				</TCRMPartyContactMethodBObj>
				<TCRMPartyContactMethodBObj>
					<ComponentID>3000107</ComponentID>
					<ContactMethodGroupLastUpdateDate>2016-10-18 14:04:02.542</ContactMethodGroupLastUpdateDate>
					<ContactMethodGroupLastUpdateTxId>921847681384095083</ContactMethodGroupLastUpdateTxId>
					<ContactMethodGroupLastUpdateUser>ETL-CMS</ContactMethodGroupLastUpdateUser>
					<ContactMethodId>553847681384251969</ContactMethodId>
					<ContactMethodUsageType>1000007</ContactMethodUsageType>
					<ContactMethodUsageValue>E-mail</ContactMethodUsageValue>
					<LocationGroupLastUpdateDate>2016-10-18 14:04:02.523</LocationGroupLastUpdateDate>
					<LocationGroupLastUpdateTxId>921847681384095083</LocationGroupLastUpdateTxId>
					<LocationGroupLastUpdateUser>ETL-CMS</LocationGroupLastUpdateUser>
					<PartyContactMethodIdPK>962547681384252332</PartyContactMethodIdPK>
					<PartyId>885441881977956411</PartyId>
					<StartDate>2015-08-19 07:58:33.0</StartDate>
					<DWLStatus>
						<Status>0</Status>
					</DWLStatus>
					<TCRMContactMethodBObj>
						<ContactMethodIdPK>553847681384251969</ContactMethodIdPK>
						<ContactMethodLastUpdateDate>2016-10-18 14:04:02.52</ContactMethodLastUpdateDate>
						<ContactMethodLastUpdateTxId>921847681384095083</ContactMethodLastUpdateTxId>
						<ContactMethodLastUpdateUser>ETL-CMS</ContactMethodLastUpdateUser>
						<ContactMethodType>2</ContactMethodType>
						<ContactMethodValue>Email Address</ContactMethodValue>
						<ReferenceNumber>TEST1@TEST.COM</ReferenceNumber>
						<DWLStatus>
							<Status>0</Status>
						</DWLStatus>
					</TCRMContactMethodBObj>
					<TCRMExtension>
						<ExtendedObject>XPartyContactMethodBObjExt</ExtendedObject>
						<XPartyContactMethodBObjExt>
							<XSourceType>1000018</XSourceType>
							<XSourceValue>CMS</XSourceValue>
							<XLegacyUpdateDate>2016-10-18 14:04:00.0</XLegacyUpdateDate>
							<XPartyContactMethodLastUpdateDate>2016-10-18 14:04:02.542</XPartyContactMethodLastUpdateDate>
							<XPartyContactMethodLastUpdateTxId>921847681384095083</XPartyContactMethodLastUpdateTxId>
							<XPartyContactMethodLastUpdateUser>ETL-CMS</XPartyContactMethodLastUpdateUser>
						</XPartyContactMethodBObjExt>
					</TCRMExtension>
				</TCRMPartyContactMethodBObj>
				<TCRMPartyContactMethodBObj>
					<ComponentID>3000107</ComponentID>
					<ContactMethodGroupLastUpdateDate>2016-10-18 15:35:01.996</ContactMethodGroupLastUpdateDate>
					<ContactMethodGroupLastUpdateTxId>626547681930021680</ContactMethodGroupLastUpdateTxId>
					<ContactMethodGroupLastUpdateUser>ETL-CMS</ContactMethodGroupLastUpdateUser>
					<ContactMethodId>898947681930196147</ContactMethodId>
					<ContactMethodUsageType>1000003</ContactMethodUsageType>
					<ContactMethodUsageValue>Cell</ContactMethodUsageValue>
					<LocationGroupLastUpdateDate>2016-10-18 15:35:01.982</LocationGroupLastUpdateDate>
					<LocationGroupLastUpdateTxId>626547681930021680</LocationGroupLastUpdateTxId>
					<LocationGroupLastUpdateUser>ETL-CMS</LocationGroupLastUpdateUser>
					<PartyContactMethodIdPK>987847681930198120</PartyContactMethodIdPK>
					<PartyId>885441881977956411</PartyId>
					<StartDate>2016-10-18 13:59:47.00043</StartDate>
					<DWLStatus>
						<Status>0</Status>
					</DWLStatus>
					<TCRMContactMethodBObj>
						<ContactMethodIdPK>898947681930196147</ContactMethodIdPK>
						<ContactMethodLastUpdateDate>2016-10-18 15:35:01.961</ContactMethodLastUpdateDate>
						<ContactMethodLastUpdateTxId>626547681930021680</ContactMethodLastUpdateTxId>
						<ContactMethodLastUpdateUser>ETL-CMS</ContactMethodLastUpdateUser>
						<ContactMethodType>1</ContactMethodType>
						<ContactMethodValue>Telephone Number</ContactMethodValue>
						<ReferenceNumber>(888) 888 8888</ReferenceNumber>
						<TCRMPhoneNumberBObj>
							<PhoneNumberId>244047681930196947</PhoneNumberId>
							<ContactMethodId>898947681930196147</ContactMethodId>
							<PhoneCountryCode>001</PhoneCountryCode>
							<PhoneAreaCode>888</PhoneAreaCode>
							<PhoneExchange>888</PhoneExchange>
							<PhoneNumber>8888</PhoneNumber>
							<PhoneLastUpdateDate>2016-10-18 15:35:01.97</PhoneLastUpdateDate>
							<PhoneLastUpdateUser>ETL-CMS</PhoneLastUpdateUser>
							<PhoneLastUpdateTxId>626547681930021680</PhoneLastUpdateTxId>
						</TCRMPhoneNumberBObj>
						<DWLStatus>
							<Status>0</Status>
						</DWLStatus>
					</TCRMContactMethodBObj>
					<TCRMExtension>
						<ExtendedObject>XPartyContactMethodBObjExt</ExtendedObject>
						<XPartyContactMethodBObjExt>
							<XSourceType>1000018</XSourceType>
							<XSourceValue>CMS</XSourceValue>
							<XLegacyUpdateDate>2016-10-18 15:35:00.0</XLegacyUpdateDate>
							<XPartyContactMethodLastUpdateDate>2016-10-18 15:35:01.996</XPartyContactMethodLastUpdateDate>
							<XPartyContactMethodLastUpdateTxId>626547681930021680</XPartyContactMethodLastUpdateTxId>
							<XPartyContactMethodLastUpdateUser>ETL-CMS</XPartyContactMethodLastUpdateUser>
						</XPartyContactMethodBObjExt>
					</TCRMExtension>
				</TCRMPartyContactMethodBObj>
				<TCRMPartyIdentificationBObj>
					<ComponentID>3000088</ComponentID>
					<IdentificationIdPK>732341881977965000</IdentificationIdPK>
					<IdentificationNumber>1013911668</IdentificationNumber>
					<IdentificationType>1000003</IdentificationType>
					<IdentificationValue>NPI</IdentificationValue>
					<PartyId>885441881977956411</PartyId>
					<PartyIdentificationLastUpdateDate>2014-12-17 07:36:19.65</PartyIdentificationLastUpdateDate>
					<PartyIdentificationLastUpdateTxId>380741881977934655</PartyIdentificationLastUpdateTxId>
					<PartyIdentificationLastUpdateUser>ETL-CMS</PartyIdentificationLastUpdateUser>
					<StartDate>2005-05-23 00:00:00.0</StartDate>
					<DWLStatus>
						<Status>0</Status>
					</DWLStatus>
					<TCRMExtension>
						<ExtendedObject>XPartyIdentificationBObjExt</ExtendedObject>
						<XPartyIdentificationBObjExt>
							<XLegacyUpdateDate>2014-10-09 02:02:07.0</XLegacyUpdateDate>
							<XPartyIdentificationLastUpdateDate>2014-12-17 07:36:19.65</XPartyIdentificationLastUpdateDate>
							<XPartyIdentificationLastUpdateTxId>380741881977934655</XPartyIdentificationLastUpdateTxId>
							<XPartyIdentificationLastUpdateUser>ETL-CMS</XPartyIdentificationLastUpdateUser>
						</XPartyIdentificationBObjExt>
					</TCRMExtension>
				</TCRMPartyIdentificationBObj>
				<TCRMPartyIdentificationBObj>
					<ComponentID>3000088</ComponentID>
					<IdentificationIdPK>467647681358995950</IdentificationIdPK>
					<IdentificationNumber>A90777888</IdentificationNumber>
					<IdentificationType>1000004</IdentificationType>
					<IdentificationValue>DEA</IdentificationValue>
					<PartyId>885441881977956411</PartyId>
					<PartyIdentificationLastUpdateDate>2016-10-18 13:59:49.959</PartyIdentificationLastUpdateDate>
					<PartyIdentificationLastUpdateTxId>441476813587224198</PartyIdentificationLastUpdateTxId>
					<PartyIdentificationLastUpdateUser>ETL-CMS</PartyIdentificationLastUpdateUser>
					<StartDate>2016-10-18 13:59:49.959</StartDate>
					<DWLStatus>
						<Status>0</Status>
					</DWLStatus>
					<TCRMExtension>
						<ExtendedObject>XPartyIdentificationBObjExt</ExtendedObject>
						<XPartyIdentificationBObjExt>
							<XLegacyUpdateDate>2016-10-18 13:59:47.0</XLegacyUpdateDate>
							<XPartyIdentificationLastUpdateDate>2016-10-18 13:59:49.959</XPartyIdentificationLastUpdateDate>
							<XPartyIdentificationLastUpdateTxId>441476813587224198</XPartyIdentificationLastUpdateTxId>
							<XPartyIdentificationLastUpdateUser>ETL-CMS</XPartyIdentificationLastUpdateUser>
						</XPartyIdentificationBObjExt>
					</TCRMExtension>
				</TCRMPartyIdentificationBObj>
				<TCRMPartyIdentificationBObj>
					<ComponentID>3000088</ComponentID>
					<IdentificationIdPK>267447651659357608</IdentificationIdPK>
					<IdentificationNumber>4568789</IdentificationNumber>
					<IdentificationType>1000024</IdentificationType>
					<IdentificationValue>Military ID</IdentificationValue>
					<PartyId>885441881977956411</PartyId>
					<PartyIdentificationLastUpdateDate>2016-10-15 12:59:53.592</PartyIdentificationLastUpdateDate>
					<PartyIdentificationLastUpdateTxId>825747651658765070</PartyIdentificationLastUpdateTxId>
					<PartyIdentificationLastUpdateUser>ETL-DOD</PartyIdentificationLastUpdateUser>
					<StartDate>2005-05-23 00:00:00.0</StartDate>
					<DWLStatus>
						<Status>0</Status>
					</DWLStatus>
					<TCRMExtension>
						<ExtendedObject>XPartyIdentificationBObjExt</ExtendedObject>
						<XPartyIdentificationBObjExt>
							<XLegacyUpdateDate>2014-10-09 02:02:07.0</XLegacyUpdateDate>
							<XPartyIdentificationLastUpdateDate>2016-10-15 12:59:53.592</XPartyIdentificationLastUpdateDate>
							<XPartyIdentificationLastUpdateTxId>825747651658765070</XPartyIdentificationLastUpdateTxId>
							<XPartyIdentificationLastUpdateUser>ETL-DOD</XPartyIdentificationLastUpdateUser>
						</XPartyIdentificationBObjExt>
					</TCRMExtension>
				</TCRMPartyIdentificationBObj>
				<TCRMPartyIdentificationBObj>
					<ComponentID>3000088</ComponentID>
					<IdentificationIdPK>655541881977965783</IdentificationIdPK>
					<IdentificationNumber>811418819</IdentificationNumber>
					<IdentificationStatusType>1000001</IdentificationStatusType>
					<IdentificationStatusValue>ACTIVE</IdentificationStatusValue>
					<IdentificationType>1000030</IdentificationType>
					<IdentificationValue>UserId</IdentificationValue>
					<PartyId>885441881977956411</PartyId>
					<PartyIdentificationLastUpdateDate>2014-12-17 07:36:19.657</PartyIdentificationLastUpdateDate>
					<PartyIdentificationLastUpdateTxId>380741881977934655</PartyIdentificationLastUpdateTxId>
					<PartyIdentificationLastUpdateUser>ETL-CMS</PartyIdentificationLastUpdateUser>
					<StartDate>2014-12-17 07:36:19.657</StartDate>
					<DWLStatus>
						<Status>0</Status>
					</DWLStatus>
					<TCRMExtension>
						<ExtendedObject>XPartyIdentificationBObjExt</ExtendedObject>
						<XPartyIdentificationBObjExt>
							<XPartyIdentificationLastUpdateDate>2014-12-17 07:36:19.657</XPartyIdentificationLastUpdateDate>
							<XPartyIdentificationLastUpdateTxId>380741881977934655</XPartyIdentificationLastUpdateTxId>
							<XPartyIdentificationLastUpdateUser>ETL-CMS</XPartyIdentificationLastUpdateUser>
						</XPartyIdentificationBObjExt>
					</TCRMExtension>
				</TCRMPartyIdentificationBObj>
				<TCRMPartyIdentificationBObj>
					<ComponentID>3000088</ComponentID>
					<IdentificationIdPK>236847702721389173</IdentificationIdPK>
					<IdentificationNumber>144455</IdentificationNumber>
					<IdentificationType>1000030</IdentificationType>
					<IdentificationValue>UserId</IdentificationValue>
					<PartyId>885441881977956411</PartyId>
					<PartyIdentificationLastUpdateDate>2016-10-21 01:20:13.892</PartyIdentificationLastUpdateDate>
					<PartyIdentificationLastUpdateTxId>472247702721292362</PartyIdentificationLastUpdateTxId>
					<PartyIdentificationLastUpdateUser>ETL-CMS</PartyIdentificationLastUpdateUser>
					<StartDate>2016-10-21 01:20:13.892</StartDate>
					<DWLStatus>
						<Status>0</Status>
					</DWLStatus>
					<TCRMExtension>
						<ExtendedObject>XPartyIdentificationBObjExt</ExtendedObject>
						<XPartyIdentificationBObjExt>
							<XLegacyUpdateDate>2016-10-21 01:20:12.0</XLegacyUpdateDate>
							<XPartyIdentificationLastUpdateDate>2016-10-21 01:20:13.892</XPartyIdentificationLastUpdateDate>
							<XPartyIdentificationLastUpdateTxId>472247702721292362</XPartyIdentificationLastUpdateTxId>
							<XPartyIdentificationLastUpdateUser>ETL-CMS</XPartyIdentificationLastUpdateUser>
						</XPartyIdentificationBObjExt>
					</TCRMExtension>
				</TCRMPartyIdentificationBObj>
				<TCRMPersonNameBObj>
					<ComponentID>3000081</ComponentID>
					<GivenNameOne>Ashwani</GivenNameOne>
					<GivenNameTwo>A</GivenNameTwo>
					<LastName>Kumar</LastName>
					<LastUpdatedBy>ETL-CMS</LastUpdatedBy>
					<LastUpdatedDate>2016-10-18 15:35:01.77</LastUpdatedDate>
					<NameUsageType>1000001</NameUsageType>
					<NameUsageValue>Legal Name</NameUsageValue>
					<PersonNameIdPK>720141881977959527</PersonNameIdPK>
					<SourceIdentifierType>1000002</SourceIdentifierType>
					<SourceIdentifierValue>CMS</SourceIdentifierValue>
					<PersonNameLastUpdateDate>2016-10-18 15:35:01.77</PersonNameLastUpdateDate>
					<PersonNameLastUpdateTxId>626547681930021680</PersonNameLastUpdateTxId>
					<PersonNameLastUpdateUser>ETL-CMS</PersonNameLastUpdateUser>
					<PersonPartyId>885441881977956411</PersonPartyId>
					<StartDate>2016-10-18 15:35:01.000168</StartDate>
					<StdGivenNameFour>ASHWANI</StdGivenNameFour>
					<StdGivenNameOne>ASHWANI</StdGivenNameOne>
					<StdGivenNameThree>ASH</StdGivenNameThree>
					<StdGivenNameTwo>A</StdGivenNameTwo>
					<StdLastName>KUMAR</StdLastName>
					<DWLStatus>
						<Status>0</Status>
					</DWLStatus>
					<TCRMExtension>
						<ExtendedObject>XPersonNameBObjExt</ExtendedObject>
						<XPersonNameBObjExt>
							<XLegacyUpdateDate>2016-10-18 15:35:00.0</XLegacyUpdateDate>
							<XPersonNameLastUpdateDate>2016-10-18 15:35:01.77</XPersonNameLastUpdateDate>
							<XPersonNameLastUpdateTxId>626547681930021680</XPersonNameLastUpdateTxId>
							<XPersonNameLastUpdateUser>ETL-CMS</XPersonNameLastUpdateUser>
						</XPersonNameBObjExt>
					</TCRMExtension>
				</TCRMPersonNameBObj>
				<TCRMExtension>
					<ExtendedObject>XPersonBObjExt</ExtendedObject>
					<XPersonBObjExt>
						<XPersonLastUpdateDate>2014-12-17 07:36:19.566</XPersonLastUpdateDate>
						<XPersonLastUpdateTxId>380741881977934655</XPersonLastUpdateTxId>
						<XPersonLastUpdateUser>ETL-CMS</XPersonLastUpdateUser>
					</XPersonBObjExt>
				</TCRMExtension>
			</TCRMPersonBObj>
		</ResponseObject>
	</TxResponse>
</TCRMService>