<TCRMService xsi:noNamespaceSchemaLocation="tCRMResponse.xsd" xmlns:xsi="http://www.w3.org/2001/XMLSchema-instance">
   <ResponseControl>
      <ResultCode>SUCCESS</ResultCode>
      <ServiceTime>110</ServiceTime>
      <DWLControl>
         <clientSystemName>TMW</clientSystemName>
         <lineOfBusiness>1000013</lineOfBusiness>
         <requesterLanguage>100</requesterLanguage>
         <requesterLocale>en</requesterLocale>
         <requesterName>MuleService</requesterName>
         <requestID>1000000</requestID>
         <sessionId>201303021204</sessionId>
      </DWLControl>
   </ResponseControl>
   <TxResponse>
      <RequestType>getPrescriberContactInfo</RequestType>
      <TxResult>
         <ResultCode>SUCCESS</ResultCode>
      </TxResult>
      <ResponseObject>
         <TCRMPersonBObj>
            <ComponentID>3000074</ComponentID>
            <ComputerAccessType>1000002</ComputerAccessType>
            <ComputerAccessValue>Prescriber</ComputerAccessValue>
            <CreatedDate>2016-11-07 12:25:04.89</CreatedDate>
            <DisplayName>MAYA JONES</DisplayName>
            <PartyActiveIndicator>Y</PartyActiveIndicator>
            <PartyId>151247853950490573</PartyId>
            <PartyLastUpdateDate>2016-11-07 12:25:04.905</PartyLastUpdateDate>
            <PartyLastUpdateTxId>184047853950424176</PartyLastUpdateTxId>
            <PartyLastUpdateUser>TestPrescriber</PartyLastUpdateUser>
            <PartyType>P</PartyType>
            <PersonLastUpdateDate>2016-11-07 12:25:05.009</PersonLastUpdateDate>
            <PersonLastUpdateTxId>184047853950424176</PersonLastUpdateTxId>
            <PersonLastUpdateUser>TestPrescriber</PersonLastUpdateUser>
            <PersonPartyId>151247853950490573</PersonPartyId>
            <DWLStatus>
               <Status>0</Status>
            </DWLStatus>
            <TCRMPartyAddressBObj>
               <ComponentID>3000096</ComponentID>
               <AddressGroupLastUpdateDate>2016-11-11 15:08:36.72</AddressGroupLastUpdateDate>
               <AddressGroupLastUpdateTxId>802847889490375463</AddressGroupLastUpdateTxId>
               <AddressGroupLastUpdateUser>ETL-CMS</AddressGroupLastUpdateUser>
               <AddressId>675478894297389659</AddressId>
               <AddressUsageType>2000003</AddressUsageType>
               <AddressUsageValue>DPO</AddressUsageValue>
               <LocationGroupLastUpdateDate>2016-11-11 15:08:35.927</LocationGroupLastUpdateDate>
               <LocationGroupLastUpdateTxId>802847889490375463</LocationGroupLastUpdateTxId>
               <LocationGroupLastUpdateUser>ETL-CMS</LocationGroupLastUpdateUser>
               <PartyAddressIdPK>183547889491592417</PartyAddressIdPK>
               <PartyId>151247853950490573</PartyId>
               <StartDate>2014-04-07 10:58:29.0</StartDate>
               <DWLStatus>
                  <Status>0</Status>
               </DWLStatus>
               <TCRMAddressBObj>
                  <ComponentID>5555467</ComponentID>
                  <AddressIdPK>675478894297389659</AddressIdPK>
                  <AddressLastUpdateDate>2016-11-11 14:58:17.39</AddressLastUpdateDate>
                  <AddressLastUpdateTxId>659647889422716013</AddressLastUpdateTxId>
                  <AddressLastUpdateUser>ETL-CMS</AddressLastUpdateUser>
                  <AddressLineOne>WYANE</AddressLineOne>
                  <City>UTTARpRADESH</City>
                  <CountryType>1000223</CountryType>
                  <CountryValue>US</CountryValue>
                  <ProvinceStateType>25</ProvinceStateType>
                  <ProvinceStateValue>MD</ProvinceStateValue>
                  <ZipPostalCode>639754</ZipPostalCode>
                  <DWLStatus>
                     <Status>0</Status>
                  </DWLStatus>
                  <TCRMExtension>
                     <ExtendedObject>XAddressBObjExt</ExtendedObject>
                     <XAddressBObjExt></XAddressBObjExt>
                  </TCRMExtension>
               </TCRMAddressBObj>
               <TCRMExtension>
                  <ExtendedObject>XPartyAddressBObjExt</ExtendedObject>
                  <XPartyAddressBObjExt>
                     <XSourceType>1000069</XSourceType>
                     <XSourceValue>DoD</XSourceValue>
                     <XLegacyUpdateDate>2014-05-09 10:58:29.0</XLegacyUpdateDate>
                     <XPartyAddressLastUpdateDate>2016-11-11 15:08:36.72</XPartyAddressLastUpdateDate>
                     <XPartyAddressLastUpdateTxId>802847889490375463</XPartyAddressLastUpdateTxId>
                     <XPartyAddressLastUpdateUser>ETL-CMS</XPartyAddressLastUpdateUser>
                  </XPartyAddressBObjExt>
               </TCRMExtension>
            </TCRMPartyAddressBObj>
            <TCRMPartyAddressBObj>
               <ComponentID>3000096</ComponentID>
               <AddressGroupLastUpdateDate>2016-11-07 12:25:05.234</AddressGroupLastUpdateDate>
               <AddressGroupLastUpdateTxId>184047853950424176</AddressGroupLastUpdateTxId>
               <AddressGroupLastUpdateUser>TestPrescriber</AddressGroupLastUpdateUser>
               <AddressId>626047853950516255</AddressId>
               <AddressUsageType>1000001</AddressUsageType>
               <AddressUsageValue>Office Practice Location</AddressUsageValue>
               <LocationGroupLastUpdateDate>2016-11-07 12:25:05.206</LocationGroupLastUpdateDate>
               <LocationGroupLastUpdateTxId>184047853950424176</LocationGroupLastUpdateTxId>
               <LocationGroupLastUpdateUser>TestPrescriber</LocationGroupLastUpdateUser>
               <PartyAddressIdPK>348347853950520628</PartyAddressIdPK>
               <PartyId>151247853950490573</PartyId>
               <StartDate>2016-11-07 12:25:04.000823</StartDate>
               <DWLStatus>
                  <Status>0</Status>
               </DWLStatus>
               <TCRMAddressBObj>
                  <ComponentID>5555467</ComponentID>
                  <AddressIdPK>626047853950516255</AddressIdPK>
                  <AddressLastUpdateDate>2016-11-07 12:25:05.162</AddressLastUpdateDate>
                  <AddressLastUpdateTxId>184047853950424176</AddressLastUpdateTxId>
                  <AddressLastUpdateUser>TestPrescriber</AddressLastUpdateUser>
                  <AddressLineOne>9944 ALIQUET ST</AddressLineOne>
                  <City>Tallahassee</City>
                  <CountyCode>0</CountyCode>
                  <ProvinceStateType>12</ProvinceStateType>
                  <ProvinceStateValue>FL</ProvinceStateValue>
                  <StandardFormatingIndicator>N</StandardFormatingIndicator>
                  <ZipPostalCode>72444</ZipPostalCode>
                  <DWLStatus>
                     <Status>0</Status>
                  </DWLStatus>
                  <TCRMExtension>
                     <ExtendedObject>XAddressBObjExt</ExtendedObject>
                     <XAddressBObjExt>
                        <XCode1GenReturnType>1000006</XCode1GenReturnType>
                        <XCode1GenReturnValue>S</XCode1GenReturnValue>
                        <XDPVReturnType>1000006</XDPVReturnType>
                        <XDPVReturnValue>BLANK</XDPVReturnValue>
                        <XLACSReturnType>1000006</XLACSReturnType>
                        <XLACSReturnValue>BLANK</XLACSReturnValue>
                        <XUSPSReturnType>1000007</XUSPSReturnType>
                        <XUSPSReturnValue>BLANK</XUSPSReturnValue>
                        <XAltAddrSchIndReturnType>1000005</XAltAddrSchIndReturnType>
                        <XAltAddrSchIndReturnValue>BLANK</XAltAddrSchIndReturnValue>
                        <XHighRiseDfltIndReturnType>1000002</XHighRiseDfltIndReturnType>
                        <XHighRiseDfltIndReturnValue>BLANK</XHighRiseDfltIndReturnValue>
                        <XRuralRouteDfltIndReturnType>1000002</XRuralRouteDfltIndReturnType>
                        <XRuralRouteDfltIndReturnValue>BLANK</XRuralRouteDfltIndReturnValue>
                     </XAddressBObjExt>
                  </TCRMExtension>
               </TCRMAddressBObj>
               <TCRMExtension>
                  <ExtendedObject>XPartyAddressBObjExt</ExtendedObject>
                  <XPartyAddressBObjExt>
                     <XSourceType>1000018</XSourceType>
                     <XSourceValue>CMS</XSourceValue>
                     <XLegacyUpdateDate>2014-10-09 02:03:37.0</XLegacyUpdateDate>
                     <XPartyAddressLastUpdateDate>2016-11-07 12:25:05.234</XPartyAddressLastUpdateDate>
                     <XPartyAddressLastUpdateTxId>184047853950424176</XPartyAddressLastUpdateTxId>
                     <XPartyAddressLastUpdateUser>TestPrescriber</XPartyAddressLastUpdateUser>
                  </XPartyAddressBObjExt>
               </TCRMExtension>
            </TCRMPartyAddressBObj>
            <TCRMPartyAddressBObj>
               <ComponentID>3000096</ComponentID>
               <AddressGroupLastUpdateDate>2016-11-07 12:25:05.325</AddressGroupLastUpdateDate>
               <AddressGroupLastUpdateTxId>184047853950424176</AddressGroupLastUpdateTxId>
               <AddressGroupLastUpdateUser>TestPrescriber</AddressGroupLastUpdateUser>
               <AddressId>863947853950528336</AddressId>
               <AddressUsageType>1000007</AddressUsageType>
               <AddressUsageValue>Correspondence</AddressUsageValue>
               <LocationGroupLastUpdateDate>2016-11-07 12:25:05.311</LocationGroupLastUpdateDate>
               <LocationGroupLastUpdateTxId>184047853950424176</LocationGroupLastUpdateTxId>
               <LocationGroupLastUpdateUser>TestPrescriber</LocationGroupLastUpdateUser>
               <PartyAddressIdPK>938747853950531160</PartyAddressIdPK>
               <PartyId>151247853950490573</PartyId>
               <StartDate>2016-11-07 12:25:04.00083</StartDate>
               <DWLStatus>
                  <Status>0</Status>
               </DWLStatus>
               <TCRMAddressBObj>
                  <ComponentID>5555467</ComponentID>
                  <AddressIdPK>863947853950528336</AddressIdPK>
                  <AddressLastUpdateDate>2016-11-07 12:25:05.283</AddressLastUpdateDate>
                  <AddressLastUpdateTxId>184047853950424176</AddressLastUpdateTxId>
                  <AddressLastUpdateUser>TestPrescriber</AddressLastUpdateUser>
                  <AddressLineOne>687-2890 ALIQUET AVE</AddressLineOne>
                  <City>Bridgeport</City>
                  <CountyCode>0</CountyCode>
                  <ProvinceStateType>8</ProvinceStateType>
                  <ProvinceStateValue>CT</ProvinceStateValue>
                  <StandardFormatingIndicator>N</StandardFormatingIndicator>
                  <ZipPostalCode>92373</ZipPostalCode>
                  <DWLStatus>
                     <Status>0</Status>
                  </DWLStatus>
                  <TCRMExtension>
                     <ExtendedObject>XAddressBObjExt</ExtendedObject>
                     <XAddressBObjExt>
                        <XCode1GenReturnType>1000006</XCode1GenReturnType>
                        <XCode1GenReturnValue>S</XCode1GenReturnValue>
                        <XDPVReturnType>1000006</XDPVReturnType>
                        <XDPVReturnValue>BLANK</XDPVReturnValue>
                        <XLACSReturnType>1000006</XLACSReturnType>
                        <XLACSReturnValue>BLANK</XLACSReturnValue>
                        <XUSPSReturnType>1000007</XUSPSReturnType>
                        <XUSPSReturnValue>BLANK</XUSPSReturnValue>
                        <XAltAddrSchIndReturnType>1000005</XAltAddrSchIndReturnType>
                        <XAltAddrSchIndReturnValue>BLANK</XAltAddrSchIndReturnValue>
                        <XHighRiseDfltIndReturnType>1000002</XHighRiseDfltIndReturnType>
                        <XHighRiseDfltIndReturnValue>BLANK</XHighRiseDfltIndReturnValue>
                        <XRuralRouteDfltIndReturnType>1000002</XRuralRouteDfltIndReturnType>
                        <XRuralRouteDfltIndReturnValue>BLANK</XRuralRouteDfltIndReturnValue>
                     </XAddressBObjExt>
                  </TCRMExtension>
               </TCRMAddressBObj>
               <TCRMExtension>
                  <ExtendedObject>XPartyAddressBObjExt</ExtendedObject>
                  <XPartyAddressBObjExt>
                     <XSourceType>1000018</XSourceType>
                     <XSourceValue>CMS</XSourceValue>
                     <XLegacyUpdateDate>2014-10-09 02:03:37.0</XLegacyUpdateDate>
                     <XPartyAddressLastUpdateDate>2016-11-07 12:25:05.325</XPartyAddressLastUpdateDate>
                     <XPartyAddressLastUpdateTxId>184047853950424176</XPartyAddressLastUpdateTxId>
                     <XPartyAddressLastUpdateUser>TestPrescriber</XPartyAddressLastUpdateUser>
                  </XPartyAddressBObjExt>
               </TCRMExtension>
            </TCRMPartyAddressBObj>
            <TCRMPartyContactMethodBObj>
               <ComponentID>3000107</ComponentID>
               <ContactMethodGroupLastUpdateDate>2016-11-07 12:25:05.53</ContactMethodGroupLastUpdateDate>
               <ContactMethodGroupLastUpdateTxId>184047853950424176</ContactMethodGroupLastUpdateTxId>
               <ContactMethodGroupLastUpdateUser>TestPrescriber</ContactMethodGroupLastUpdateUser>
               <ContactMethodId>675847853950548976</ContactMethodId>
               <ContactMethodUsageType>1000008</ContactMethodUsageType>
               <ContactMethodUsageValue>Office Fax</ContactMethodUsageValue>
               <LocationGroupLastUpdateDate>2016-11-07 12:25:05.498</LocationGroupLastUpdateDate>
               <LocationGroupLastUpdateTxId>184047853950424176</LocationGroupLastUpdateTxId>
               <LocationGroupLastUpdateUser>TestPrescriber</LocationGroupLastUpdateUser>
               <PartyContactMethodIdPK>127047853950549846</PartyContactMethodIdPK>
               <PartyId>151247853950490573</PartyId>
               <StartDate>2016-11-07 12:25:04.000842</StartDate>
               <DWLStatus>
                  <Status>0</Status>
               </DWLStatus>
               <TCRMContactMethodBObj>
                  <ContactMethodIdPK>675847853950548976</ContactMethodIdPK>
                  <ContactMethodLastUpdateDate>2016-11-07 12:25:05.489</ContactMethodLastUpdateDate>
                  <ContactMethodLastUpdateTxId>184047853950424176</ContactMethodLastUpdateTxId>
                  <ContactMethodLastUpdateUser>TestPrescriber</ContactMethodLastUpdateUser>
                  <ContactMethodType>3</ContactMethodType>
                  <ContactMethodValue>Fax Number</ContactMethodValue>
                  <ReferenceNumber>(309) 858 4115</ReferenceNumber>
                  <DWLStatus>
                     <Status>0</Status>
                  </DWLStatus>
               </TCRMContactMethodBObj>
               <TCRMExtension>
                  <ExtendedObject>XPartyContactMethodBObjExt</ExtendedObject>
                  <XPartyContactMethodBObjExt>
                     <XSourceType>1000018</XSourceType>
                     <XSourceValue>CMS</XSourceValue>
                     <XLegacyUpdateDate>2014-10-09 02:02:15.0</XLegacyUpdateDate>
                     <XPartyContactMethodLastUpdateDate>2016-11-07 12:25:05.53</XPartyContactMethodLastUpdateDate>
                     <XPartyContactMethodLastUpdateTxId>184047853950424176</XPartyContactMethodLastUpdateTxId>
                     <XPartyContactMethodLastUpdateUser>TestPrescriber</XPartyContactMethodLastUpdateUser>
                  </XPartyContactMethodBObjExt>
               </TCRMExtension>
            </TCRMPartyContactMethodBObj>
            <TCRMPartyContactMethodBObj>
               <ComponentID>3000107</ComponentID>
               <ContactMethodGroupLastUpdateDate>2016-11-07 12:25:05.395</ContactMethodGroupLastUpdateDate>
               <ContactMethodGroupLastUpdateTxId>184047853950424176</ContactMethodGroupLastUpdateTxId>
               <ContactMethodGroupLastUpdateUser>TestPrescriber</ContactMethodGroupLastUpdateUser>
               <ContactMethodId>663447853950537274</ContactMethodId>
               <ContactMethodUsageType>1000007</ContactMethodUsageType>
               <ContactMethodUsageValue>E-mail</ContactMethodUsageValue>
               <LocationGroupLastUpdateDate>2016-11-07 12:25:05.376</LocationGroupLastUpdateDate>
               <LocationGroupLastUpdateTxId>184047853950424176</LocationGroupLastUpdateTxId>
               <LocationGroupLastUpdateUser>TestPrescriber</LocationGroupLastUpdateUser>
               <PartyContactMethodIdPK>164747853950537604</PartyContactMethodIdPK>
               <PartyId>151247853950490573</PartyId>
               <StartDate>2016-11-07 12:25:04.000837</StartDate>
               <DWLStatus>
                  <Status>0</Status>
               </DWLStatus>
               <TCRMContactMethodBObj>
                  <ContactMethodIdPK>663447853950537274</ContactMethodIdPK>
                  <ContactMethodLastUpdateDate>2016-11-07 12:25:05.372</ContactMethodLastUpdateDate>
                  <ContactMethodLastUpdateTxId>184047853950424176</ContactMethodLastUpdateTxId>
                  <ContactMethodLastUpdateUser>TestPrescriber</ContactMethodLastUpdateUser>
                  <ContactMethodType>2</ContactMethodType>
                  <ContactMethodValue>Email Address</ContactMethodValue>
                  <ReferenceNumber>MAYAJONES@EXPRESS.COM</ReferenceNumber>
                  <DWLStatus>
                     <Status>0</Status>
                  </DWLStatus>
               </TCRMContactMethodBObj>
               <TCRMExtension>
                  <ExtendedObject>XPartyContactMethodBObjExt</ExtendedObject>
                  <XPartyContactMethodBObjExt>
                     <XSourceType>1000018</XSourceType>
                     <XSourceValue>CMS</XSourceValue>
                     <XLegacyUpdateDate>2014-10-09 02:02:15.0</XLegacyUpdateDate>
                     <XPartyContactMethodLastUpdateDate>2016-11-07 12:25:05.395</XPartyContactMethodLastUpdateDate>
                     <XPartyContactMethodLastUpdateTxId>184047853950424176</XPartyContactMethodLastUpdateTxId>
                     <XPartyContactMethodLastUpdateUser>TestPrescriber</XPartyContactMethodLastUpdateUser>
                  </XPartyContactMethodBObjExt>
               </TCRMExtension>
            </TCRMPartyContactMethodBObj>
            <TCRMPartyContactMethodBObj>
               <ComponentID>3000107</ComponentID>
               <ContactMethodGroupLastUpdateDate>2016-11-07 12:25:05.606</ContactMethodGroupLastUpdateDate>
               <ContactMethodGroupLastUpdateTxId>184047853950424176</ContactMethodGroupLastUpdateTxId>
               <ContactMethodGroupLastUpdateUser>TestPrescriber</ContactMethodGroupLastUpdateUser>
               <ContactMethodId>218147853950555697</ContactMethodId>
               <ContactMethodUsageType>1000026</ContactMethodUsageType>
               <ContactMethodUsageValue>Correspondence Phone</ContactMethodUsageValue>
               <LocationGroupLastUpdateDate>2016-11-07 12:25:05.595</LocationGroupLastUpdateDate>
               <LocationGroupLastUpdateTxId>184047853950424176</LocationGroupLastUpdateTxId>
               <LocationGroupLastUpdateUser>TestPrescriber</LocationGroupLastUpdateUser>
               <PartyContactMethodIdPK>418347853950559570</PartyContactMethodIdPK>
               <PartyId>151247853950490573</PartyId>
               <StartDate>2016-11-07 12:25:04.000848</StartDate>
               <DWLStatus>
                  <Status>0</Status>
               </DWLStatus>
               <TCRMContactMethodBObj>
                  <ContactMethodIdPK>218147853950555697</ContactMethodIdPK>
                  <ContactMethodLastUpdateDate>2016-11-07 12:25:05.556</ContactMethodLastUpdateDate>
                  <ContactMethodLastUpdateTxId>184047853950424176</ContactMethodLastUpdateTxId>
                  <ContactMethodLastUpdateUser>TestPrescriber</ContactMethodLastUpdateUser>
                  <ContactMethodType>1</ContactMethodType>
                  <ContactMethodValue>Telephone Number</ContactMethodValue>
                  <ReferenceNumber>(305) 560 5114</ReferenceNumber>
                  <TCRMPhoneNumberBObj>
                     <PhoneNumberId>718947853950558056</PhoneNumberId>
                     <ContactMethodId>218147853950555697</ContactMethodId>
                     <PhoneCountryCode>001</PhoneCountryCode>
                     <PhoneAreaCode>305</PhoneAreaCode>
                     <PhoneExchange>560</PhoneExchange>
                     <PhoneNumber>5114</PhoneNumber>
                     <PhoneLastUpdateDate>2016-11-07 12:25:05.58</PhoneLastUpdateDate>
                     <PhoneLastUpdateUser>TestPrescriber</PhoneLastUpdateUser>
                     <PhoneLastUpdateTxId>184047853950424176</PhoneLastUpdateTxId>
                  </TCRMPhoneNumberBObj>
                  <DWLStatus>
                     <Status>0</Status>
                  </DWLStatus>
               </TCRMContactMethodBObj>
               <TCRMExtension>
                  <ExtendedObject>XPartyContactMethodBObjExt</ExtendedObject>
                  <XPartyContactMethodBObjExt>
                     <XSourceType>1000018</XSourceType>
                     <XSourceValue>CMS</XSourceValue>
                     <XLegacyUpdateDate>2014-10-09 02:02:15.0</XLegacyUpdateDate>
                     <XPartyContactMethodLastUpdateDate>2016-11-07 12:25:05.606</XPartyContactMethodLastUpdateDate>
                     <XPartyContactMethodLastUpdateTxId>184047853950424176</XPartyContactMethodLastUpdateTxId>
                     <XPartyContactMethodLastUpdateUser>TestPrescriber</XPartyContactMethodLastUpdateUser>
                  </XPartyContactMethodBObjExt>
               </TCRMExtension>
            </TCRMPartyContactMethodBObj>
            <TCRMPartyContactMethodBObj>
               <ComponentID>3000107</ComponentID>
               <ContactMethodGroupLastUpdateDate>2016-11-07 12:25:05.676</ContactMethodGroupLastUpdateDate>
               <ContactMethodGroupLastUpdateTxId>184047853950424176</ContactMethodGroupLastUpdateTxId>
               <ContactMethodGroupLastUpdateUser>TestPrescriber</ContactMethodGroupLastUpdateUser>
               <ContactMethodId>306347853950563925</ContactMethodId>
               <ContactMethodUsageType>1000028</ContactMethodUsageType>
               <ContactMethodUsageValue>Correspondence Fax</ContactMethodUsageValue>
               <LocationGroupLastUpdateDate>2016-11-07 12:25:05.652</LocationGroupLastUpdateDate>
               <LocationGroupLastUpdateTxId>184047853950424176</LocationGroupLastUpdateTxId>
               <LocationGroupLastUpdateUser>TestPrescriber</LocationGroupLastUpdateUser>
               <PartyContactMethodIdPK>622647853950565288</PartyContactMethodIdPK>
               <PartyId>151247853950490573</PartyId>
               <StartDate>2016-11-07 12:25:04.000855</StartDate>
               <DWLStatus>
                  <Status>0</Status>
               </DWLStatus>
               <TCRMContactMethodBObj>
                  <ContactMethodIdPK>306347853950563925</ContactMethodIdPK>
                  <ContactMethodLastUpdateDate>2016-11-07 12:25:05.639</ContactMethodLastUpdateDate>
                  <ContactMethodLastUpdateTxId>184047853950424176</ContactMethodLastUpdateTxId>
                  <ContactMethodLastUpdateUser>TestPrescriber</ContactMethodLastUpdateUser>
                  <ContactMethodType>3</ContactMethodType>
                  <ContactMethodValue>Fax Number</ContactMethodValue>
                  <ReferenceNumber>(301) 520 5114</ReferenceNumber>
                  <DWLStatus>
                     <Status>0</Status>
                  </DWLStatus>
               </TCRMContactMethodBObj>
               <TCRMExtension>
                  <ExtendedObject>XPartyContactMethodBObjExt</ExtendedObject>
                  <XPartyContactMethodBObjExt>
                     <XSourceType>1000018</XSourceType>
                     <XSourceValue>CMS</XSourceValue>
                     <XLegacyUpdateDate>2014-10-09 02:02:15.0</XLegacyUpdateDate>
                     <XPartyContactMethodLastUpdateDate>2016-11-07 12:25:05.676</XPartyContactMethodLastUpdateDate>
                     <XPartyContactMethodLastUpdateTxId>184047853950424176</XPartyContactMethodLastUpdateTxId>
                     <XPartyContactMethodLastUpdateUser>TestPrescriber</XPartyContactMethodLastUpdateUser>
                  </XPartyContactMethodBObjExt>
               </TCRMExtension>
            </TCRMPartyContactMethodBObj>
            <TCRMPartyIdentificationBObj>
               <ComponentID>3000088</ComponentID>
               <IdentificationIdPK>223747889287041346</IdentificationIdPK>
               <IdentificationNumber>1114920761</IdentificationNumber>
               <IdentificationType>1000003</IdentificationType>
               <IdentificationValue>NPI</IdentificationValue>
               <PartyId>151247853950490573</PartyId>
               <PartyIdentificationLastUpdateDate>2016-11-11 14:34:30.413</PartyIdentificationLastUpdateDate>
               <PartyIdentificationLastUpdateTxId>982347889285757206</PartyIdentificationLastUpdateTxId>
               <PartyIdentificationLastUpdateUser>ETL-CMS</PartyIdentificationLastUpdateUser>
               <StartDate>2016-11-11 14:34:30.413</StartDate>
               <DWLStatus>
                  <Status>0</Status>
               </DWLStatus>
               <TCRMExtension>
                  <ExtendedObject>XPartyIdentificationBObjExt</ExtendedObject>
                  <XPartyIdentificationBObjExt>
                     <XLegacyUpdateDate>2014-10-09 02:02:07.0</XLegacyUpdateDate>
                     <XPartyIdentificationLastUpdateDate>2016-11-11 14:34:30.413</XPartyIdentificationLastUpdateDate>
                     <XPartyIdentificationLastUpdateTxId>982347889285757206</XPartyIdentificationLastUpdateTxId>
                     <XPartyIdentificationLastUpdateUser>ETL-CMS</XPartyIdentificationLastUpdateUser>
                  </XPartyIdentificationBObjExt>
               </TCRMExtension>
            </TCRMPartyIdentificationBObj>
            <TCRMPartyIdentificationBObj>
               <ComponentID>3000088</ComponentID>
               <IdentificationIdPK>876447853950514092</IdentificationIdPK>
               <IdentificationNumber>DEA1234</IdentificationNumber>
               <IdentificationStatusType>1000001</IdentificationStatusType>
               <IdentificationStatusValue>ACTIVE</IdentificationStatusValue>
               <IdentificationType>1000004</IdentificationType>
               <IdentificationValue>DEA</IdentificationValue>
               <PartyId>151247853950490573</PartyId>
               <PartyIdentificationLastUpdateDate>2016-11-07 12:25:05.145</PartyIdentificationLastUpdateDate>
               <PartyIdentificationLastUpdateTxId>184047853950424176</PartyIdentificationLastUpdateTxId>
               <PartyIdentificationLastUpdateUser>TestPrescriber</PartyIdentificationLastUpdateUser>
               <StartDate>2016-11-07 12:25:05.145</StartDate>
               <DWLStatus>
                  <Status>0</Status>
               </DWLStatus>
               <TCRMExtension>
                  <ExtendedObject>XPartyIdentificationBObjExt</ExtendedObject>
                  <XPartyIdentificationBObjExt>
                     <XPartyIdentificationLastUpdateDate>2016-11-07 12:25:05.145</XPartyIdentificationLastUpdateDate>
                     <XPartyIdentificationLastUpdateTxId>184047853950424176</XPartyIdentificationLastUpdateTxId>
                     <XPartyIdentificationLastUpdateUser>TestPrescriber</XPartyIdentificationLastUpdateUser>
                     <XPhysicianDeaSchedBObj>
                        <ComponentID>5030001</ComponentID>
                        <XPhysicianDeaSchedpkId>313932863075234096</XPhysicianDeaSchedpkId>
                        <IdentifierIdPk>876447853950514092</IdentifierIdPk>
                        <Schedule1Value>Y</Schedule1Value>
                        <Schedule2Value>N</Schedule2Value>
                        <Schedule2NValue>Y</Schedule2NValue>
                        <Schedule3Value>Y</Schedule3Value>
                        <Schedule3NValue>N</Schedule3NValue>
                        <Schedule4Value>N</Schedule4Value>
                        <Schedule5Value>Y</Schedule5Value>
                        <ScheduleL1Value>N</ScheduleL1Value>
                        <XPhysicianDeaSchedLastUpdateDate>2012-02-07 11:05:52.34</XPhysicianDeaSchedLastUpdateDate>
                        <XPhysicianDeaSchedLastUpdateTxId>224432863075216749</XPhysicianDeaSchedLastUpdateTxId>
                        <XPhysicianDeaSchedLastUpdateUser>SantanuC</XPhysicianDeaSchedLastUpdateUser>
                        <DWLStatus>
                           <Status>0</Status>
                        </DWLStatus>
                     </XPhysicianDeaSchedBObj>
                  </XPartyIdentificationBObjExt>
               </TCRMExtension>
            </TCRMPartyIdentificationBObj>
            <TCRMPersonNameBObj>
               <ComponentID>3000081</ComponentID>
               <GivenNameOne>MAYA</GivenNameOne>
               <GivenNameTwo>A</GivenNameTwo>
               <LastName>JONES</LastName>
               <LastUpdatedBy>TestPrescriber</LastUpdatedBy>
               <LastUpdatedDate>2016-11-07 12:25:05.0</LastUpdatedDate>
               <NameUsageType>1000001</NameUsageType>
               <NameUsageValue>Legal Name</NameUsageValue>
               <PersonNameIdPK>261478539505015082</PersonNameIdPK>
               <SourceIdentifierType>1000003</SourceIdentifierType>
               <SourceIdentifierValue>NTIS</SourceIdentifierValue>
               <PersonNameLastUpdateDate>2016-11-07 12:25:05.0</PersonNameLastUpdateDate>
               <PersonNameLastUpdateTxId>184047853950424176</PersonNameLastUpdateTxId>
               <PersonNameLastUpdateUser>TestPrescriber</PersonNameLastUpdateUser>
               <PersonPartyId>151247853950490573</PersonPartyId>
               <StartDate>2016-11-07 12:25:04.0</StartDate>
               <DWLStatus>
                  <Status>0</Status>
               </DWLStatus>
               <TCRMExtension>
                  <ExtendedObject>XPersonNameBObjExt</ExtendedObject>
                  <XPersonNameBObjExt>
                     <XLegacyUpdateDate>2014-10-09 02:02:08.0</XLegacyUpdateDate>
                     <XPersonNameLastUpdateDate>2016-11-07 12:25:05.0</XPersonNameLastUpdateDate>
                     <XPersonNameLastUpdateTxId>184047853950424176</XPersonNameLastUpdateTxId>
                     <XPersonNameLastUpdateUser>TestPrescriber</XPersonNameLastUpdateUser>
                  </XPersonNameBObjExt>
               </TCRMExtension>
            </TCRMPersonNameBObj>
            <TCRMPersonNameBObj>
               <ComponentID>3000081</ComponentID>
               <GivenNameOne>MAYA</GivenNameOne>
               <GivenNameTwo>Kumar</GivenNameTwo>
               <LastName>JONES</LastName>
               <LastUpdatedBy>ETL-CMS</LastUpdatedBy>
               <LastUpdatedDate>2016-11-11 14:34:27.239</LastUpdatedDate>
               <NameUsageType>1000001</NameUsageType>
               <NameUsageValue>Legal Name</NameUsageValue>
               <PersonNameIdPK>261478539505015982</PersonNameIdPK>
               <SourceIdentifierType>1000002</SourceIdentifierType>
               <SourceIdentifierValue>CMS</SourceIdentifierValue>
               <PersonNameLastUpdateDate>2016-11-11 14:34:27.239</PersonNameLastUpdateDate>
               <PersonNameLastUpdateTxId>982347889285757206</PersonNameLastUpdateTxId>
               <PersonNameLastUpdateUser>ETL-CMS</PersonNameLastUpdateUser>
               <PersonPartyId>151247853950490573</PersonPartyId>
               <StartDate>2016-11-11 14:34:22.000607</StartDate>
               <StdGivenNameFour>ASHWANI</StdGivenNameFour>
               <StdGivenNameOne>ASHWANI</StdGivenNameOne>
               <StdGivenNameThree>ASH</StdGivenNameThree>
               <StdGivenNameTwo>KUMAR</StdGivenNameTwo>
               <StdLastName>SINGH</StdLastName>
               <DWLStatus>
                  <Status>0</Status>
               </DWLStatus>
               <TCRMExtension>
                  <ExtendedObject>XPersonNameBObjExt</ExtendedObject>
                  <XPersonNameBObjExt>
                     <XLegacyUpdateDate>2014-10-09 02:02:08.0</XLegacyUpdateDate>
                     <XPersonNameLastUpdateDate>2016-11-11 14:34:27.239</XPersonNameLastUpdateDate>
                     <XPersonNameLastUpdateTxId>982347889285757206</XPersonNameLastUpdateTxId>
                     <XPersonNameLastUpdateUser>ETL-CMS</XPersonNameLastUpdateUser>
                  </XPersonNameBObjExt>
               </TCRMExtension>
            </TCRMPersonNameBObj>
            <TCRMExtension>
               <ExtendedObject>XPersonBObjExt</ExtendedObject>
               <XPersonBObjExt>
                  <XPersonLastUpdateDate>2016-11-07 12:25:05.009</XPersonLastUpdateDate>
                  <XPersonLastUpdateTxId>184047853950424176</XPersonLastUpdateTxId>
                  <XPersonLastUpdateUser>TestPrescriber</XPersonLastUpdateUser>
               </XPersonBObjExt>
            </TCRMExtension>
         </TCRMPersonBObj>
      </ResponseObject>
   </TxResponse>
</TCRMService>