{
	"id": "4f9d0fba-1016-cda8-6b5e-dd806e0298c3",
	"name": "MongoDB",
	"description": "",
	"order": [],
	"folders": [
		{
			"id": "2ec67658-dfe1-f620-e3f9-d1e57fdf3eda",
			"name": "Person",
			"description": "",
			"order": [
				"b19b40e7-c4a7-78c8-6288-6192108996c1",
				"841bd725-502d-e5f5-b6fc-421e28857df7",
				"1e8fa7ee-7d3e-1260-b1bb-e91f133d626b",
				"063f0408-90a6-739a-be8f-977697613c2d",
				"7865425a-2611-5624-73e9-d014c019c2b5",
				"3e806dfa-9ce7-346c-3725-1b45c745cfa3",
				"d97b54e7-7c35-7ce5-7b50-c9d9559bdea6",
				"1df4bda7-5e3d-94f9-e2c3-0d398f42cd18",
				"81cfc6e3-c6a0-17fa-67d5-6bb219a39649"
			],
			"owner": 0,
			"collectionId": "4f9d0fba-1016-cda8-6b5e-dd806e0298c3"
		},
		{
			"id": "2d5cf152-3296-d9e6-bf62-68b336eafb9f",
			"name": "PostalAddress",
			"description": "",
			"order": [
				"cfe37492-2bb6-e079-0aa9-73f3315bd437",
				"e1b4576e-d438-1f3a-66d3-3000bcc15e8c",
				"36fd70e0-16fc-9b78-913c-5489cfb24420",
				"14155fcd-5047-ad76-ce25-29f437b0c030"
			],
			"owner": 0,
			"collectionId": "4f9d0fba-1016-cda8-6b5e-dd806e0298c3"
		}
	],
	"timestamp": 1492617806064,
	"owner": 0,
	"public": false,
	"requests": [
		{
			"id": "063f0408-90a6-739a-be8f-977697613c2d",
			"headers": "Content-Type: application/json\n",
			"url": "{{hostname}}/persons/",
			"preRequestScript": null,
			"pathVariables": {},
			"method": "POST",
			"data": [],
			"dataMode": "raw",
			"tests": null,
			"currentHelper": "normal",
			"helperAttributes": {},
			"time": 1493912522926,
			"name": "POST_Persons",
			"description": "",
			"collectionId": "4f9d0fba-1016-cda8-6b5e-dd806e0298c3",
			"responses": [],
			"folder": "2ec67658-dfe1-f620-e3f9-d1e57fdf3eda",
			"rawModeData": "{\n    \n    \"mdmId\": \"50593953137016658\",\n    \"specialtyProfileIds\": [\n      \"214567\",\n      \"916300\"\n    ],\n    \"birthDate\": \"2004-04-19\",\n    \"gender\": \"M\",\n    \"maritalStatus\": \"SINGLE\",\n    \"ssn\": \"167-638-1429\",\n    \"name\": {\n      \"first\": \"Mike\",\n      \"middle\": \"p\",\n      \"last\": \"Connor\",\n      \"preferredFirst\": \"Mike\",\n      \"prefix\": \"Mr.\"\n    },\n    \"languages\": [\n      {\n        \"code\": \"01\",\n        \"name\": \"English\"\n      }\n    ],\n    \"postalAddresses\": [\n      {\n      \t\"relativeId\": \"89535744057783216\",\n        \"postalAddressId\": \"89535744057783216\",\n        \"streetAddress\": [\n          \"c0WeUw9sQYsN6QFuA\",\n          \"FmOFvfmWNaQxo3puJ\",\n          \"Fcggr5t0nnRdEKbgc\"\n        ],\n        \"officeSuite\": \"77961\",\n        \"apartmentNumber\": \"43079\",\n        \"postOfficeBoxNumber\": \"80501\",\n        \"city\": \"New York\",\n        \"state\": {\n          \"name\": \"Northern Mariana Islands\",\n          \"code\": \"40\"\n        },\n        \"postalCode\": \"67099\",\n        \"country\": {\n          \"name\": \"United States of America\",\n          \"iso2code\": \"US\",\n          \"iso3code\": \"USA\"\n        },\n        \"classifications\": {\n          \"home\": true,\n          \"work\": false,\n          \"personal\": false,\n          \"other\": false,\n          \"customTags\": [\n            \"HOME\"\n          ]\n        },\n        \"status\": {\n          \"value\": \"ACTIVE\",\n          \"effectiveDate\": \"2017-05-03\",\n          \"expirationDate\": \"2020-01-28\"\n        }\n      }\n    ]\n  }"
		},
		{
			"id": "14155fcd-5047-ad76-ce25-29f437b0c030",
			"headers": "Content-Type: application/json\n",
			"url": "{{hostname}}/persons/5909ffe7e3a8aa85bc095c9b/postalAddresses/4905509f-7563-4fde-ba8a-961d5514d98f",
			"preRequestScript": null,
			"pathVariables": {},
			"method": "PUT",
			"data": [],
			"dataMode": "raw",
			"version": 2,
			"tests": null,
			"currentHelper": "normal",
			"helperAttributes": {},
			"time": 1493929775737,
			"name": "PUT_PostalAddress",
			"description": "",
			"collectionId": "4f9d0fba-1016-cda8-6b5e-dd806e0298c3",
			"responses": [],
			"rawModeData": " {\n      \"postalAddressId\": \"9657657\",\n      \"streetAddress\": [\n        \"Kenmore Stret\",\n        \"Near road\",\n        \"Fcggr5t0nnRdEKbgc\"\n      ],\n      \"officeSuite\": \"77961\",\n      \"apartmentNumber\": \"43079\",\n      \"postOfficeBoxNumber\": \"80501\",\n      \"city\": \"Buffalo\",\n      \"state\": {\n        \"name\": \"New York\",\n        \"code\": \"40\"\n      },\n      \"postalCode\": \"14110\",\n      \"country\": {\n        \"name\": \"United States of America\",\n        \"iso2code\": \"US\",\n        \"iso3code\": \"USA\"\n      },\n      \"classifications\": {\n        \"home\": true,\n        \"work\": false,\n        \"personal\": false,\n        \"other\": false,\n        \"customTags\": [\n          \"HOME\"\n        ]\n      }\n }"
		},
		{
			"id": "1df4bda7-5e3d-94f9-e2c3-0d398f42cd18",
			"headers": "",
			"url": "{{hostname}}/persons/searchFields:ESI",
			"pathVariables": {},
			"preRequestScript": null,
			"method": "GET",
			"collectionId": "4f9d0fba-1016-cda8-6b5e-dd806e0298c3",
			"data": null,
			"dataMode": "params",
			"name": "Search Fields",
			"description": "",
			"descriptionFormat": "html",
			"time": 1494258356308,
			"version": 2,
			"responses": [],
			"tests": null,
			"currentHelper": "normal",
			"helperAttributes": {},
			"folder": "2ec67658-dfe1-f620-e3f9-d1e57fdf3eda"
		},
		{
			"id": "1e8fa7ee-7d3e-1260-b1bb-e91f133d626b",
			"headers": "",
			"url": "{{hostname}}/persons/lastName:Smith",
			"pathVariables": {},
			"preRequestScript": null,
			"method": "GET",
			"collectionId": "4f9d0fba-1016-cda8-6b5e-dd806e0298c3",
			"data": null,
			"dataMode": "params",
			"name": "GET_Person_Lastname",
			"description": "",
			"descriptionFormat": "html",
			"time": 1494009731095,
			"version": 2,
			"responses": [],
			"tests": null,
			"currentHelper": "normal",
			"helperAttributes": {},
			"folder": "2ec67658-dfe1-f620-e3f9-d1e57fdf3eda"
		},
		{
			"id": "36fd70e0-16fc-9b78-913c-5489cfb24420",
			"headers": "Content-Type: application/json\n",
			"url": "{{hostname}}/persons/5909ffe7e3a8aa85bc095c9b/postalAddresses/",
			"preRequestScript": null,
			"pathVariables": {},
			"method": "POST",
			"data": [],
			"dataMode": "raw",
			"tests": null,
			"currentHelper": "normal",
			"helperAttributes": {},
			"time": 1493929606240,
			"name": "POST_PostalAddress",
			"description": "",
			"collectionId": "4f9d0fba-1016-cda8-6b5e-dd806e0298c3",
			"responses": [],
			"rawModeData": "{\n  \"postalAddressId\": \"6641057783664\",\n  \"streetAddress\": [\n    \"Lynrost Avenue\"\n   \n  ],\n  \"officeSuite\": \"22\",\n  \"apartmentNumber\": \"4445\",\n  \"postOfficeBoxNumber\": \"76656\",\n  \"city\": \"Edison\",\n  \"state\": {\n    \"name\": \"New Jersey\",\n    \"code\": \"85\"\n  },\n  \"postalCode\": \"10002\",\n  \"country\": {\n    \"name\": \"United States of America\",\n    \"iso2code\": \"US\",\n    \"iso3code\": \"USA\"\n  },\n  \"classifications\": {\n    \"home\": false,\n    \"work\": true,\n    \"personal\": false,\n    \"other\": false,\n    \"customTags\": [\n      \"WORK\"\n    ]\n  },\n  \"status\": {\n    \"value\": \"ACTIVE\",\n    \"effectiveDate\": \"2017-05-04\",\n    \"expirationDate\": \"2020-01-29\"\n  }\n}"
		},
		{
			"id": "3e806dfa-9ce7-346c-3725-1b45c745cfa3",
			"headers": "",
			"url": "{{hostname}}/persons/search:ESI",
			"pathVariables": {},
			"preRequestScript": null,
			"method": "GET",
			"collectionId": "4f9d0fba-1016-cda8-6b5e-dd806e0298c3",
			"data": null,
			"dataMode": "params",
			"name": "Search ",
			"description": "",
			"descriptionFormat": "html",
			"time": 1494275903771,
			"version": 2,
			"responses": [],
			"tests": null,
			"currentHelper": "normal",
			"helperAttributes": {},
			"folder": "2ec67658-dfe1-f620-e3f9-d1e57fdf3eda"
		},
		{
			"id": "7865425a-2611-5624-73e9-d014c019c2b5",
			"headers": "Content-Type: application/json\n",
			"url": "{{hostname}}/persons/590a393fc27f1a474cf773a5",
			"pathVariables": {},
			"preRequestScript": null,
			"method": "PUT",
			"collectionId": "4f9d0fba-1016-cda8-6b5e-dd806e0298c3",
			"data": [],
			"dataMode": "raw",
			"name": "PUT_Person",
			"description": "",
			"descriptionFormat": "html",
			"time": 1493921904807,
			"version": 2,
			"responses": [],
			"tests": null,
			"currentHelper": "normal",
			"helperAttributes": {},
			"folder": "2ec67658-dfe1-f620-e3f9-d1e57fdf3eda",
			"rawModeData": "{\n \n  \"postalAddresses\": [\n    {\n      \"streetAddress\": [\n        \"1215 Manchester Drive\"\n      ],\n      \"officeSuite\": \"0002\",\n      \"apartmentNumber\": \"5564\",\n      \"postOfficeBoxNumber\": \"22\",\n      \"city\": \"St louis\",\n      \"state\": {\n        \"name\": \"Missouri\",\n        \"code\": \"90\"\n      },\n      \"postalCode\": \"66666\",\n      \"country\": {\n        \"name\": \"United States of America\",\n        \"iso2code\": \"US\",\n        \"iso3code\": \"USA\"\n      },\n      \"classifications\": {\n        \"home\": false,\n        \"work\": false,\n        \"personal\": true,\n        \"other\": false,\n        \"customTags\": [\n          \"PERSONAL\"\n        ]\n      },\n      \"status\": {\n        \"value\": \"INACTIVE\",\n        \"effectiveDate\":null,\n        \"expirationDate\": null\n      }}]\n}"
		},
		{
			"id": "81cfc6e3-c6a0-17fa-67d5-6bb219a39649",
			"headers": "",
			"url": "{{hostname}}/persons/5911d53581a9b62598ccf4bd",
			"pathVariables": {},
			"preRequestScript": null,
			"method": "DELETE",
			"collectionId": "4f9d0fba-1016-cda8-6b5e-dd806e0298c3",
			"data": null,
			"dataMode": "params",
			"name": "DELETE_Person",
			"description": "",
			"descriptionFormat": "html",
			"time": 1494341030306,
			"version": 2,
			"responses": [],
			"tests": null,
			"currentHelper": "normal",
			"helperAttributes": {},
			"folder": "2ec67658-dfe1-f620-e3f9-d1e57fdf3eda"
		},
		{
			"id": "841bd725-502d-e5f5-b6fc-421e28857df7",
			"headers": "",
			"url": "{{hostname}}/persons/5909ffe7e3a8aa85bc095c9b/",
			"preRequestScript": null,
			"pathVariables": {},
			"method": "GET",
			"data": null,
			"dataMode": "params",
			"version": 2,
			"tests": null,
			"currentHelper": "normal",
			"helperAttributes": {},
			"time": 1493929601505,
			"name": "GET_Person_ID",
			"description": "",
			"collectionId": "4f9d0fba-1016-cda8-6b5e-dd806e0298c3",
			"responses": []
		},
		{
			"id": "b19b40e7-c4a7-78c8-6288-6192108996c1",
			"headers": "",
			"url": "{{hostname}}/persons",
			"pathVariables": {},
			"preRequestScript": null,
			"method": "GET",
			"collectionId": "4f9d0fba-1016-cda8-6b5e-dd806e0298c3",
			"data": null,
			"dataMode": "params",
			"name": "GET_All",
			"description": "",
			"descriptionFormat": "html",
			"time": 1492617978209,
			"version": 2,
			"responses": [],
			"tests": null,
			"currentHelper": "normal",
			"helperAttributes": {},
			"isFromCollection": true,
			"collectionRequestId": "b19b40e7-c4a7-78c8-6288-6192108996c1",
			"folder": "2ec67658-dfe1-f620-e3f9-d1e57fdf3eda"
		},
		{
			"id": "cfe37492-2bb6-e079-0aa9-73f3315bd437",
			"headers": "",
			"url": "{{hostname}}/persons/590a393fc27f1a474cf773a5/postalAddresses/",
			"pathVariables": {},
			"preRequestScript": null,
			"method": "GET",
			"collectionId": "4f9d0fba-1016-cda8-6b5e-dd806e0298c3",
			"data": null,
			"dataMode": "params",
			"name": "GET_PostalAddress",
			"description": "",
			"descriptionFormat": "html",
			"time": 1493912169104,
			"version": 2,
			"responses": [],
			"tests": null,
			"currentHelper": "normal",
			"helperAttributes": {},
			"folder": "2d5cf152-3296-d9e6-bf62-68b336eafb9f"
		},
		{
			"id": "d97b54e7-7c35-7ce5-7b50-c9d9559bdea6",
			"headers": "",
			"url": "{{hostname}}/persons/searchScore:ESI",
			"pathVariables": {},
			"preRequestScript": null,
			"method": "GET",
			"collectionId": "4f9d0fba-1016-cda8-6b5e-dd806e0298c3",
			"data": null,
			"dataMode": "params",
			"name": "Search Score ",
			"description": "",
			"descriptionFormat": "html",
			"time": 1494275873837,
			"version": 2,
			"responses": [],
			"tests": null,
			"currentHelper": "normal",
			"helperAttributes": {},
			"folder": "2ec67658-dfe1-f620-e3f9-d1e57fdf3eda"
		},
		{
			"id": "e1b4576e-d438-1f3a-66d3-3000bcc15e8c",
			"headers": "",
			"url": "{{hostname}}/persons/5909ffe7e3a8aa85bc095c9b/postalAddresses/4905509f-7563-4fde-ba8a-961d5514d98f",
			"preRequestScript": null,
			"pathVariables": {},
			"method": "GET",
			"data": null,
			"dataMode": "params",
			"version": 2,
			"tests": null,
			"currentHelper": "normal",
			"helperAttributes": {},
			"time": 1493929772340,
			"name": "GET_PostalAddress_ID",
			"description": "",
			"collectionId": "4f9d0fba-1016-cda8-6b5e-dd806e0298c3",
			"responses": []
		}
	]
}