
    {
        "resourceId": "d64a30fe-0d10-55c6-9c43-5137cdc2f68b",
        "name": "CommunicationPreferences",
        "label": "Communication Preferences",
        "description": "The communication preferences set type for a person.",
        "entityType": "Person",
        "contextTypes": [
            {
                "name": "businessUnit",
                "label": "Business Unit",
                "description": "The business unit this set of preferences is scoped to.",
                "options": [
                    {
                        "name": "Specialty",
                        "label": "Specialty business unit (Accredo)",
                        "description": "The business unit for the Accredo subsidiary."
                    },
                    {
                        "name": "HomeDelivery",
                        "label": "Home Delivery business unit",
                        "description": "The business unit for the home delivery of medications for PBM members."
                    }
                ]
            }
        ],
        "preferenceTypes": [
            {
                "relativeId": "1a4e45d3-8237-eb90-3d2e-d6e866ff4491",
                "valueType": "string",
                "defaultValue": "Mail",
                "name": "primaryContactChannel",
                "label": "Primary Contact Channel",
                "description": "Specifies which channel should be used for contacting the person, provided that a more specific preference for the context involved does not indicate otherwise. A channel can be aligned with a contact mechanism or with a capability of a contact mechanism.",
                "polarSourceId": "48548",
                "polarProductId": "9038689903",
                "polarTypeCode": "101",
                "options": [
                    {
                        "name": "Email",
                        "label": "Email Address Contact Channel",
                        "description": "The preference option for an email address contact channel.",
                        "polarOptionId": "28"
                    },
                    {
                        "name": "Text",
                        "label": "Text Contact Channel",
                        "description": "The preference option for a text contact channel.",
                        "polarOptionId": "20"
                    },
                    {
                        "name": "Call",
                        "label": "Call Contact Channel",
                        "description": "The preference option for a call contact channel.",
                        "polarOptionId": "20"
                    },
                    {
                        "name": "Mail",
                        "label": "Mail Contact Channel",
                        "description": "The preference option for a postal address contact channel.",
                        "polarOptionId": "16"
                    }
                ]
            },
            {
                "relativeId": "9f447113-ee0c-b313-c9e1-8656420056a5",
                "valueType": "reference",
                "structType": "PostalAddress",
                "name": "primaryShippingAddress",
                "label": "Primary Shipping Address",
                "description": "An identifier (relative ID) within the Postal Address collection for this person. This should be used as the default postal address for all shipments to the person, provided that a more specific preference for the context involved (e.g. medication or therapy specific) does not indicate otherwise.",
                "polarSourceId": "84752",
                "polarProductId": "9465493477",
                "polarTypeCode": "122",
                "options": []
            },
            {
                "relativeId": "d6fe58c0-b2e8-4778-a518-e3ebef8de2cf",
                "valueType": "reference",
                "structType": "PostalAddress",
                "name": "primaryPostalAddress",
                "label": "Primary Postal Address",
                "description": "An identifier (relative ID) within the Postal Address collection for this person. This should be used as the default postal address when contacting the person via mail, provided that a more specific preference for the context involved does not indicate otherwise.",
                "polarSourceId": "56652",
                "polarProductId": "64658383",
                "polarTypeCode": "145",
                "options": []
            },
            {
                "relativeId": "d6fe58c0-b2e8-4778-a518-e3ebef8de4cf",
                "valueType": "reference",
                "structType": "EmailAddress",
                "name": "primaryEmailAddress",
                "label": "Primary Email Address",
                "description": "An identifier (relative ID) within the Email Address collection for this person. This should be used as the default email address when contacting the person via electronic means, provided that a more specific preference for the context involved does not indicate otherwise.",
                "polarSourceId": "94552",
                "polarProductId": "7658383",
                "polarTypeCode": "148",
                "options": []
            },
            {
                "relativeId": "d6fe58c0-b2e8-4778-a518-e3ebef8de8cf",
                "valueType": "reference",
                "structType": "PhoneNumber",
                "name": "primaryTextNumber",
                "label": "Primary Text Number",
                "description": "An identifier (relative ID) within the Phone Number collection for text messaging with this person. This should be used as the default number when contacting the person via phone, provided that a more specific preference for the context involved does not indicate otherwise.If this is not specified, the primaryPhoneNumber can be used.",
                "polarSourceId": "34552",
                "polarProductId": "94658383",
                "polarTypeCode": "147",
                "options": []
            },
            {
                "relativeId": "d6fe58c0-b2e8-4778-a518-e3ebef8de9cf",
                "valueType": "reference",
                "structType": "PhoneNumber",
                "name": "primaryPhoneNumber",
                "label": "Primary Phone Number",
                "description": "An identifier (relative ID) within the Phone Number collection for this person. This should be used as the default number when contacting the person via phone, provided that a more specific preference for the context involved does not indicate otherwise.",
                "polarSourceId": "45552",
                "polarProductId": "24658383",
                "polarTypeCode": "149",
                "options": []
            },
            {
                "relativeId": "b462a9c8-512c-4196-91af-df47b38d115f",
                "valueType": "boolean",
                "name": "optOutOfCallIndicator",
                "label": "Opt-out of Call Indicator",
                "description": "Indicates whether the person has opted out of being contacted via telephone calls (e.g. automated outbound calling).  If not specified, this defaults to false (can contact in this manner).",
                "polarSourceId": "84752",
                "polarProductId": "9465493477",
                "polarTypeCode": "131",
                "options": []
            },
            {
                "relativeId": "b462a9c8-512c-4196-91af-df47b38d110f",
                "valueType": "boolean",
                "name": "phiEmailAuthorizationIndicator",
                "label": "PHI Email Authorization Indicator",
                "description": "Indicates whether the person has specified that personal health information (PHI) is allowed to be sent in email messages. If not specified, this defaults to false (not authorized to send).",
                "polarSourceId": "5752",
                "polarProductId": "865493477",
                "polarTypeCode": "132",
                "options": []
            },
            {
                "relativeId": "b462a9c8-512c-4196-91af-df47b38d119f",
                "valueType": "boolean",
                "name": "phiTextAuthorizationIndicator",
                "label": "PHI Text Authorization Indicator",
                "description": "Indicates whether the person has specified that personal health information (PHI) is allowed to be sent in text messages. If not specified, this defaults to false (not authorized to send).",
                "polarSourceId": "3752",
                "polarProductId": "565493477",
                "polarTypeCode": "133",
                "options": []
            },
            {
                "relativeId": "b462a9c8-512c-4196-91af-df47b38d118f",
                "valueType": "boolean",
                "name": "optOutOfTextIndicator",
                "label": "Opt-out of Text Indicator",
                "description": "Indicates whether the person has opted out of being contacted via text messages. If not specified, this defaults to false (can contact in this manner).",
                "polarSourceId": "7852",
                "polarProductId": "80493477",
                "polarTypeCode": "134",
                "options": []
            },
            {
                "relativeId": "b462a9c8-512c-4196-91af-df47b38d117f",
                "valueType": "boolean",
                "name": "optOutOfMailIndicator",
                "label": "Opt-out of Mail Indicator",
                "description": "Indicates whether the person has opted out of being contacted via postal mail. If not specified, this defaults to false (can contact in this manner).",
                "polarSourceId": "8752",
                "polarProductId": "65493477",
                "polarTypeCode": "135",
                "options": []
            },
            {
                "relativeId": "b462a9c8-512c-4196-91af-df47b38d116f",
                "valueType": "boolean",
                "name": "optOutOfEmailIndicator",
                "label": "Opt-out of Email Indicator",
                "description": "Indicates whether the person has opted out of being contacted via email. If not specified, this defaults to false (can contact in this manner).",
                "polarSourceId": "1752",
                "polarProductId": "1493477",
                "polarTypeCode": "136",
                "options": []
            },
            {
                "relativeId": "2a4e45d3-8237-eb90-3d2e-d1e866ff4491",
                "valueType": "string",
                "defaultValue": "Morning",
                "name": "phoneBestTime",
                "label": "Phone Best Time",
                "description": "Indicates the best time of day to reach the person via phone call.  These are rough periods of time, for morning, afternoon, or evening.",
                "polarSourceId": "9548",
                "polarProductId": "78689903",
                "polarTypeCode": "102",
                "options": [
                    {
                        "name": "Morning",
                        "label": "Morning Phone Best Time",
                        "description": "The preference option for Morning Phone Best Time.",
                        "polarOptionId": "28"
                    },
                    {
                        "name": "Afternoon",
                        "label": "Afternoon Phone Best Time",
                        "description": "The preference option for Afternoon Phone Best Time.",
                        "polarOptionId": "20"
                    },
                    {
                        "name": "Evening",
                        "label": "Evening Phone Best Time",
                        "description": "The preference option for a Evening Phone Best Time.",
                        "polarOptionId": "20"
                    }
                ]
            },
            {
                "relativeId": "2a4e45d3-8237-eb90-3d2e-d6e866ff4491",
                "valueType": "string",
                "defaultValue": "en",
                "name": "primaryLanguage",
                "label": "Primary Language",
                "description": "Specifies the primary language for general communications with this person, specified as an IETF language code.  This is the default language to be used if no other 'language' preferences are specified.  This value can be overridden by one of the more specific 'language' preferences.",
                "polarSourceId": "2348",
                "polarProductId": "589903",
                "polarTypeCode": "103",
                "options": [
                    {
                        "name": "en",
                        "label": "Standard English Language Option",
                        "description": "The preference option for Standard English Language.",
                        "polarOptionId": "28"
                    },
                    {
                        "name": "en-US",
                        "label": "USA English Language Option",
                        "description": "The preference option for USA English Language.",
                        "polarOptionId": "20"
                    }
                ]
            },
            {
                "relativeId": "2a4e45d3-8237-eb90-3d2e-d6e866ff4491",
                "valueType": "string",
                "defaultValue": "en",
                "name": "onlineInterfaceLanguage",
                "label": "Online Interface Language",
                "description": "Specifies the language to be used for online interfaces, such as Websites or mobile devices.",
                "polarSourceId": "2348",
                "polarProductId": "589903",
                "polarTypeCode": "104",
                "options": [
                    {
                        "name": "en",
                        "label": "Standard English Language Option",
                        "description": "The preference option for Standard English Language.",
                        "polarOptionId": "28"
                    },
                    {
                        "name": "en-US",
                        "label": "USA English Language Option",
                        "description": "The preference option for USA English Language.",
                        "polarOptionId": "20"
                    }
                ]
            },
            {
                "relativeId": "2a4e45d3-8237-eb90-3d2e-d3e866ff4491",
                "valueType": "string",
                "defaultValue": "en",
                "name": "writtenCommunicationsLanguage",
                "label": "Written Communications Language",
                "description": "Specifies the language to be used for written communications sent to this person, excluding compliance-related documents, which are covered under the compliance-DocumentationLanguage preference.",
                "polarSourceId": "2348",
                "polarProductId": "589903",
                "polarTypeCode": "105",
                "options": [
                    {
                        "name": "en",
                        "label": "Standard English Language Option",
                        "description": "The preference option for Standard English Language.",
                        "polarOptionId": "28"
                    },
                    {
                        "name": "en-US",
                        "label": "USA English Language Option",
                        "description": "The preference option for USA English Language.",
                        "polarOptionId": "20"
                    }
                ]
            },
            {
                "relativeId": "2a4e45d3-8237-eb90-3d2e-d4e866ff4491",
                "valueType": "string",
                "defaultValue": "en",
                "name": "complianceDocumentationLanguage",
                "label": "Compliance Documentation Language",
                "description": "Specifies the language to for compliance-related documents sent to this person, specified as an IETF language code. Examples of compliance required documents are EOBs, ANOC (Annual Notice of Change), and LITPACKs.",
                "polarSourceId": "2348",
                "polarProductId": "589903",
                "polarTypeCode": "106",
                "options": [
                    {
                        "name": "en",
                        "label": "Standard English Language Option",
                        "description": "The preference option for Standard English Language.",
                        "polarOptionId": "28"
                    },
                    {
                        "name": "en-US",
                        "label": "USA English Language Option",
                        "description": "The preference option for USA English Language.",
                        "polarOptionId": "20"
                    }
                ]
            },
            {
                "relativeId": "1a4e45d3-8237-eb91-3d2e-d6e866ff4491",
                "valueType": "string",
                "defaultValue": "Mail",
                "name": "orderPrescriptionCommunicationsChannel",
                "label": "Order-Prescription Communications Channel",
                "description": "Specifies the channel to be used for communications about order or prescription status. The default address within the channel will then apply. ",
                "polarSourceId": "48548",
                "polarProductId": "9038689903",
                "polarTypeCode": "201",
                "options": [
                    {
                        "name": "Email",
                        "label": "Email Address Contact Channel",
                        "description": "The preference option for an email address contact channel.",
                        "polarOptionId": "28"
                    },
                    {
                        "name": "Text",
                        "label": "Text Contact Channel",
                        "description": "The preference option for a text contact channel.",
                        "polarOptionId": "20"
                    },
                    {
                        "name": "Call",
                        "label": "Call Contact Channel",
                        "description": "The preference option for a call contact channel.",
                        "polarOptionId": "20"
                    },
                    {
                        "name": "Mail",
                        "label": "Mail Contact Channel",
                        "description": "The preference option for a postal address contact channel.",
                        "polarOptionId": "16"
                    },
                    {
                        "name": "None",
                        "label": "No Channel",
                        "description": "No channel.",
                        "polarOptionId": "16"
                    }
                ]
            },
            {
                "relativeId": "1a4e45d3-8237-eb92-3d2e-d6e866ff4491",
                "valueType": "string",
                "defaultValue": "Mail",
                "name": "coverageCommunicationsChannel",
                "label": "Coverage Communications Channel",
                "description": "Specifies the channel to be used for communications about prescription coverage. The default address within the channel will then apply.",
                "polarSourceId": "48548",
                "polarProductId": "9038689903",
                "polarTypeCode": "202",
                "options": [
                    {
                        "name": "Email",
                        "label": "Email Address Contact Channel",
                        "description": "The preference option for an email address contact channel.",
                        "polarOptionId": "28"
                    },
                    {
                        "name": "Text",
                        "label": "Text Contact Channel",
                        "description": "The preference option for a text contact channel.",
                        "polarOptionId": "20"
                    },
                    {
                        "name": "Call",
                        "label": "Call Contact Channel",
                        "description": "The preference option for a call contact channel.",
                        "polarOptionId": "20"
                    },
                    {
                        "name": "Mail",
                        "label": "Mail Contact Channel",
                        "description": "The preference option for a postal address contact channel.",
                        "polarOptionId": "16"
                    },
                    {
                        "name": "None",
                        "label": "No Channel",
                        "description": "No channel.",
                        "polarOptionId": "16"
                    }
                ]
            },
            {
                "relativeId": "1a4e45d3-8237-eb94-3d2e-d6e866ff4491",
                "valueType": "string",
                "defaultValue": "Mail",
                "name": "generalCommunicationsChannel",
                "label": "General Communications Channel",
                "description": "Specifies the channel to be used for communications of a general nature, including health and wellness communications, research studies, etc. The default address within the channel will then apply.",
                "polarSourceId": "48548",
                "polarProductId": "9038689903",
                "polarTypeCode": "203",
                "options": [
                    {
                        "name": "Email",
                        "label": "Email Address Contact Channel",
                        "description": "The preference option for an email address contact channel.",
                        "polarOptionId": "28"
                    },
                    {
                        "name": "Text",
                        "label": "Text Contact Channel",
                        "description": "The preference option for a text contact channel.",
                        "polarOptionId": "20"
                    },
                    {
                        "name": "Call",
                        "label": "Call Contact Channel",
                        "description": "The preference option for a call contact channel.",
                        "polarOptionId": "20"
                    },
                    {
                        "name": "Mail",
                        "label": "Mail Contact Channel",
                        "description": "The preference option for a postal address contact channel.",
                        "polarOptionId": "16"
                    },
                    {
                        "name": "None",
                        "label": "No Channel",
                        "description": "No channel.",
                        "polarOptionId": "16"
                    }
                ]
            },
            {
                "relativeId": "1a4e45d3-8237-eb93-3d2e-d6e866ff4491",
                "valueType": "string",
                "defaultValue": "Mail",
                "name": "eobCommunicationsChannel",
                "label": "EOB Communications Channel",
                "description": "Specifies the channel to be used for sending Explanation of Benefits (EOB) information.",
                "polarSourceId": "48548",
                "polarProductId": "9038689903",
                "polarTypeCode": "301",
                "options": [
                    {
                        "name": "Email",
                        "label": "Email Address Contact Channel",
                        "description": "The preference option for an email address contact channel.",
                        "polarOptionId": "28"
                    },
                    {
                        "name": "Text",
                        "label": "Text Contact Channel",
                        "description": "The preference option for a text contact channel.",
                        "polarOptionId": "20"
                    },
                    {
                        "name": "Mail",
                        "label": "Mail Contact Channel",
                        "description": "The preference option for a postal address contact channel.",
                        "polarOptionId": "16"
                    }
                ]
            },
            {
                "relativeId": "1a4e45d3-8237-eb95-3d2e-d6e866ff4491",
                "valueType": "string",
                "defaultValue": "Mail",
                "name": "anocCommunicationsChannel",
                "label": "ANOC Communications Channel",
                "description": "Specifies the channel to be used for Annual Notice of Change (ANOC) communications.",
                "polarSourceId": "48548",
                "polarProductId": "9038689903",
                "polarTypeCode": "302",
                "options": [
                    {
                        "name": "Email",
                        "label": "Email Address Contact Channel",
                        "description": "The preference option for an email address contact channel.",
                        "polarOptionId": "28"
                    },
                    {
                        "name": "Text",
                        "label": "Text Contact Channel",
                        "description": "The preference option for a text contact channel.",
                        "polarOptionId": "20"
                    },
                    {
                        "name": "Mail",
                        "label": "Mail Contact Channel",
                        "description": "The preference option for a postal address contact channel.",
                        "polarOptionId": "16"
                    }
                ]
            },
            {
                "relativeId": "1a4e45d3-8237-eb96-3d2e-d6e866ff4491",
                "valueType": "string",
                "defaultValue": "Mail",
                "name": "prescriptionInstructionsCommunicationsChannel",
                "label": "Prescription Instructions Communications Channel",
                "description": "Specifies the channel to be used for prescription instructions, such as information on how to take a medication or interactions between medicines. Also known as 'LITPACK'.",
                "polarSourceId": "48548",
                "polarProductId": "9038689903",
                "polarTypeCode": "303",
                "options": [
                    {
                        "name": "Email",
                        "label": "Email Address Contact Channel",
                        "description": "The preference option for an email address contact channel.",
                        "polarOptionId": "28"
                    },
                    {
                        "name": "Text",
                        "label": "Text Contact Channel",
                        "description": "The preference option for a text contact channel.",
                        "polarOptionId": "20"
                    },
                    {
                        "name": "Mail",
                        "label": "Mail Contact Channel",
                        "description": "The preference option for a postal address contact channel.",
                        "polarOptionId": "16"
                    }
                ]
            }
        ]
    },
    {
        "resourceId": "f5e4a7f7-e951-4ee6-8b2b-2103a850d6a8",
        "name": "CommunicationPreferencesTest",
        "label": "Communication Preferences Test",
        "description": "The communication preferences set type for a person.",
        "entityType": "Person",
        "contextTypes": [
            {
                "name": "businessUnit",
                "label": "Business Unit",
                "description": "The business unit this set of preferences is scoped to.",
                "options": [
                    {
                        "name": "Specialty",
                        "label": "Specialty business unit (Accredo)",
                        "description": "The business unit for the Accredo subsidiary."
                    },
                    {
                        "name": "HomeDelivery",
                        "label": "Home Delivery business unit",
                        "description": "The business unit for the home delivery of medications for PBM members."
                    }
                ]
            },
            {
                "name": "someContext",
                "label": "Some context ",
                "description": "The Some context  this set of preferences is scoped to.",
                "options": [
                    {
                        "name": "someContextOption1",
                        "label": "Some context option 1",
                        "description": "Some context option 1 description."
                    },
                    {
                        "name": "someContextOption2",
                        "label": "Some context option 2",
                        "description": "Some context option 2 description."
                    }
                ]
            }
        ],
        "preferenceTypes": [
            {
                "relativeId": "4fbc0538-e245-45c4-99b8-d431a7537a65",
                "valueType": "string",
                "defaultValue": "Mail",
                "name": "primaryContactChannel",
                "label": "Primary Contact Channel",
                "description": "Specifies which channel should be used for contacting the person, provided that a more specific preference for the context involved does not indicate otherwise. A channel can be aligned with a contact mechanism or with a capability of a contact mechanism.",
                "polarSourceId": "48548",
                "polarProductId": "9038689903",
                "polarTypeCode": "101",
                "options": [
                    {
                        "name": "Email",
                        "label": "Email Address Contact Channel",
                        "description": "The preference option for an email address contact channel.",
                        "polarOptionId": "28"
                    },
                    {
                        "name": "Text",
                        "label": "Text Contact Channel",
                        "description": "The preference option for a text contact channel.",
                        "polarOptionId": "20"
                    },
                    {
                        "name": "Call",
                        "label": "Call Contact Channel",
                        "description": "The preference option for a call contact channel.",
                        "polarOptionId": "20"
                    },
                    {
                        "name": "Mail",
                        "label": "Mail Contact Channel",
                        "description": "The preference option for a postal address contact channel.",
                        "polarOptionId": "16"
                    }
                ]
            },
            {
                "relativeId": "c44aa305-6ed5-4b18-9d18-735c8cf4dec8",
                "valueType": "boolean",
                "name": "optOutOfCallIndicator",
                "label": "Opt-out of Call Indicator",
                "description": "Indicates whether the person has opted out of being contacted via telephone calls (e.g. automated outbound calling).  If not specified, this defaults to false (can contact in this manner).",
                "polarSourceId": "84752",
                "polarProductId": "9465493477",
                "polarTypeCode": "131",
                "options": []
            },
            {
                "relativeId": "78d9f8ce-fae9-4a30-b8b8-f6b505fffa6f",
                "valueType": "boolean",
                "name": "optOutOfTextIndicator",
                "label": "Opt-out of Text Indicator",
                "description": "Indicates whether the person has opted out of being contacted via text messages. If not specified, this defaults to false (can contact in this manner).",
                "polarSourceId": "7852",
                "polarProductId": "80493477",
                "polarTypeCode": "134",
                "options": []
            },
            {
                "relativeId": "059b6027-5103-4ddf-80f6-234512c5d6e2",
                "valueType": "boolean",
                "name": "optOutOfMailIndicator",
                "label": "Opt-out of Mail Indicator",
                "description": "Indicates whether the person has opted out of being contacted via postal mail. If not specified, this defaults to false (can contact in this manner).",
                "polarSourceId": "8752",
                "polarProductId": "65493477",
                "polarTypeCode": "135",
                "options": []
            },
            {
                "relativeId": "af0658b6-c8bb-44fb-a03c-d1d1d0fbf133",
                "valueType": "boolean",
                "name": "optOutOfEmailIndicator",
                "label": "Opt-out of Email Indicator",
                "description": "Indicates whether the person has opted out of being contacted via email. If not specified, this defaults to false (can contact in this manner).",
                "polarSourceId": "1752",
                "polarProductId": "1493477",
                "polarTypeCode": "136",
                "options": []
            }
        ]
    }
