{
    "_id" : ObjectId("5936cfd381a9b6298ca30d28"),
    "_class" : "com.esrx.services.preference.domain.PreferenceSet",
    "resourceId" : JUUID("78b433a4-b57c-499b-a1ba-4ba3b4b13164"),
    "entityId" : JUUID("c8ba658e-372c-11e7-a919-92ebcb67fe80"),
    "preferenceSetTypeId" : JUUID("d64a30fe-0d10-55c6-9c43-5137cdc2f68b"),
    "name" : "CommunicationPreferences",
    "preferences" : [ 
        {
            "relativeId" : JUUID("dc52f83c-97de-4079-b2ce-d75b632e99ea"),
            "preferenceTypeId" : JUUID("1a4e45d3-8237-eb90-3d2e-d6e866ff4491"),
            "name" : "doNotPhoneIndicator",
            "value" : "false"
        }, 
        {
            "relativeId" : JUUID("599066a1-2b39-4203-a327-bce18a1ea226"),
            "preferenceTypeId" : JUUID("1a4e45d3-8237-eb90-3d2e-d6e866ff4491"),
            "name" : "preferredContactMechanism",
            "value" : "Mail"
        }, 
        {
            "relativeId" : JUUID("d79b4788-8fc4-49be-b954-917657e3123b"),
            "preferenceTypeId" : JUUID("9f447113-ee0c-b313-c9e1-8656420056a5"),
            "name" : "preferredPostalAddress",
            "value" : "348bf1e4-b75a-44c3-8598-311aec22f5c5"
        }
    ]
}