{
        "resourceId": "4dcc2fe8-1835-48eb-a389-e4702311f4f5",
        "entityId": "82cd96d6-963d-4865-9923-c4ac1128ce79",
        "preferenceSetTypeId": "f5e4a7f7-e951-4ee6-8b2b-2103a850d6a8",
        "name": "CommunicationPreferencesTest",
        "contexts": [
            {
                "name": "businessUnit",
                "value": "HomeDelivery"
            },
            {
                "name": "someContext",
                "value": "someContextOption1"
            }
        ],
        "preferences": [
            {
                "relativeId": "32906b80-0777-4f16-9126-1f9c3cf624a9",
                "preferenceTypeId": "af0658b6-c8bb-44fb-a03c-d1d1d0fbf133",
                "name": "optOutOfEmailIndicator",
                "value": "false"
            }
        ]
    }