{
	"id": "22c6f723-57cb-e97a-5646-ff735cfec750",
	"name": "Prescriber",
	"description": "",
	"order": [],
	"folders": [
		{
			"id": "3e0bf337-f4d4-fe3a-85f9-00b8936a020a",
			"name": "Address",
			"description": "",
			"order": [
				"b6917396-eb00-b1c3-3ed5-3f0f15bc9d86"
			],
			"owner": 0
		},
		{
			"id": "d7fa2ee7-00e7-5f2c-07aa-ed5506f79697",
			"name": "ElectronicIdentifiers",
			"description": "",
			"order": [
				"908c9fe6-291e-6415-beb0-48defa16a30b"
			],
			"owner": 0
		},
		{
			"id": "c10b4b35-2e55-8d99-24bc-d78032e74fe7",
			"name": "PhoneNumbers",
			"description": "",
			"order": [
				"63230537-7394-5cd3-4b36-f988a2181aff",
				"366b296a-6313-7807-6aab-cd3550d92bb6"
			],
			"owner": 0
		},
		{
			"id": "f4e78239-ce40-e937-9f9c-932fceeed487",
			"name": "Profile",
			"description": "",
			"order": [
				"4fea9d49-4498-a4ae-d76e-a9dbcc065ae2"
			],
			"owner": 0
		},
		{
			"id": "8ea923bb-2f39-8d1c-a32e-71f7e1837947",
			"name": "ProfileSearch",
			"description": "",
			"order": [
				"264bfb0f-e3db-b826-deb2-2ebc925384da",
				"7183b512-1b83-065e-726d-272a73731384",
				"832e566c-9031-a9a8-3d2e-e28d4efaae5f"
			],
			"owner": 0
		}
	],
	"timestamp": 1480625281439,
	"owner": 0,
	"public": false,
	"requests": [
		{
			"id": "264bfb0f-e3db-b826-deb2-2ebc925384da",
			"headers": "",
			"url": "http://localhost:8080/v1/practitioners?firstName=mark&lastName=jameson&dataCollections=base,postalAddress,phoneNumbers,electronicAddress",
			"preRequestScript": null,
			"pathVariables": {},
			"method": "GET",
			"data": null,
			"dataMode": "params",
			"version": 2,
			"tests": null,
			"currentHelper": "normal",
			"helperAttributes": {},
			"time": 1489779694188,
			"name": "ProfileSearch",
			"description": "",
			"collectionId": "22c6f723-57cb-e97a-5646-ff735cfec750",
			"responses": []
		},
		{
			"id": "366b296a-6313-7807-6aab-cd3550d92bb6",
			"headers": "",
			"url": "http://localhost:8080/prescribers/npi:1114920761/phoneNumbers/675847853950548976",
			"pathVariables": {},
			"preRequestScript": null,
			"method": "GET",
			"collectionId": "22c6f723-57cb-e97a-5646-ff735cfec750",
			"data": null,
			"dataMode": "params",
			"name": "PhoneNumberSpecificId",
			"description": "",
			"descriptionFormat": "html",
			"time": 1481312463348,
			"version": 2,
			"responses": [],
			"tests": null,
			"currentHelper": "normal",
			"helperAttributes": {},
			"folder": "c10b4b35-2e55-8d99-24bc-d78032e74fe7"
		},
		{
			"id": "4fea9d49-4498-a4ae-d76e-a9dbcc065ae2",
			"headers": "",
			"url": "http://localhost:8080/v1/practitioners/npi:8912345600",
			"preRequestScript": null,
			"pathVariables": {},
			"method": "GET",
			"data": null,
			"dataMode": "params",
			"version": 2,
			"tests": null,
			"currentHelper": "normal",
			"helperAttributes": {},
			"time": 1489779711233,
			"name": "Profile",
			"description": "",
			"collectionId": "22c6f723-57cb-e97a-5646-ff735cfec750",
			"responses": []
		},
		{
			"id": "63230537-7394-5cd3-4b36-f988a2181aff",
			"headers": "",
			"url": "http://localhost:8080/prescribers/npi:1114920761/phoneNumbers",
			"pathVariables": {},
			"preRequestScript": null,
			"method": "GET",
			"collectionId": "22c6f723-57cb-e97a-5646-ff735cfec750",
			"data": null,
			"dataMode": "params",
			"name": "PhoneNumbersList",
			"description": "",
			"descriptionFormat": "html",
			"time": 1480625773614,
			"version": 2,
			"responses": [],
			"tests": null,
			"currentHelper": "normal",
			"helperAttributes": {},
			"folder": "c10b4b35-2e55-8d99-24bc-d78032e74fe7"
		},
		{
			"id": "7183b512-1b83-065e-726d-272a73731384",
			"headers": "",
			"url": "{{hostname}}/v1/practitioners?npi=8912345600&dataCollections=base,postalAddress,phoneNumbers,electronicAddress",
			"preRequestScript": null,
			"pathVariables": {},
			"method": "GET",
			"data": null,
			"dataMode": "params",
			"version": 2,
			"tests": null,
			"currentHelper": "normal",
			"helperAttributes": {},
			"time": 1489779642898,
			"name": "ProfileSearch-NPI",
			"description": "",
			"collectionId": "22c6f723-57cb-e97a-5646-ff735cfec750",
			"responses": []
		},
		{
			"id": "832e566c-9031-a9a8-3d2e-e28d4efaae5f",
			"headers": "",
			"url": "{{hostname}}/v1/practitioners?mdmId=151247853950490573&dataCollections=base,postalAddress,phoneNumbers,electronicAddress",
			"preRequestScript": null,
			"pathVariables": {},
			"method": "GET",
			"data": null,
			"dataMode": "params",
			"version": 2,
			"tests": null,
			"currentHelper": "normal",
			"helperAttributes": {},
			"time": 1489779672988,
			"name": "ProfileSearch-MDM",
			"description": "",
			"collectionId": "22c6f723-57cb-e97a-5646-ff735cfec750",
			"responses": []
		},
		{
			"id": "908c9fe6-291e-6415-beb0-48defa16a30b",
			"headers": "",
			"url": "http://localhost:8080/prescribers/npi:1114920761/electronicAddresses/",
			"preRequestScript": null,
			"pathVariables": {},
			"method": "GET",
			"data": null,
			"dataMode": "params",
			"version": 2,
			"tests": null,
			"currentHelper": "normal",
			"helperAttributes": {},
			"time": 1482121581700,
			"name": "ElectronicIdentifiersList",
			"description": "",
			"collectionId": "22c6f723-57cb-e97a-5646-ff735cfec750",
			"responses": []
		},
		{
			"id": "b6917396-eb00-b1c3-3ed5-3f0f15bc9d86",
			"headers": "",
			"url": "http://localhost:8080/prescribers/npi:1114920761/postalAddresses/863947853950528336",
			"preRequestScript": null,
			"pathVariables": {},
			"method": "GET",
			"data": null,
			"dataMode": "params",
			"tests": null,
			"currentHelper": "normal",
			"helperAttributes": {},
			"time": 1482121588267,
			"name": "AddressList",
			"description": "AddressList",
			"collectionId": "22c6f723-57cb-e97a-5646-ff735cfec750",
			"responses": []
		}
	]
}