<?xml version="1.0" encoding="UTF-8"?>
<TCRMService xmlns:xsi="http://www.w3.org/2001/XMLSchema-instance"
	xsi:noNamespaceSchemaLocation="myTCRM.xsd">
	<RequestControl>
		<requestID>102</requestID>
		<DWLControl>
			<requesterName>PrescriberInfo</requesterName>
			<requesterLanguage>100</requesterLanguage>
			<lineOfBusiness>1000013</lineOfBusiness>
			<clientSystemName>maintainPrescriberContactInfo</clientSystemName>
			<sessionId>201303021204</sessionId>
		</DWLControl>
	</RequestControl>
	<TCRMTx>
		<TCRMTxType>maintainPrescriberContactInfo
		</TCRMTxType>
		<TCRMTxObject>XPhysicianBObj</TCRMTxObject>
		<TCRMObject>
			<TCRMExtension>
				<XPhysicianBObj>
					<TCRMPersonBObj>
					<TCRMPartyAddressBObj>
							<ObjectReferenceId>2</ObjectReferenceId>
							<AddressUsageType>1000004</AddressUsageType>
							<TCRMExtension>
								<ExtendedObject>XPartyAddressBObjExt
								</ExtendedObject>
								<XPartyAddressBObjExt>
									<XSourceType>1000018</XSourceType>
									<XLegacyUpdateDate>2014-10-09 02:03:37</XLegacyUpdateDate>
								</XPartyAddressBObjExt>
							</TCRMExtension>
							<TCRMAddressBObj>
								<AddressLineOne>10101 ALIQUE ST</AddressLineOne>
								<AddressLineTwo></AddressLineTwo>
								<AddressLineThree></AddressLineThree>
								<City>WAYNE</City>
								<ZipPostalCode>72444</ZipPostalCode>
								<ProvinceStateType>12</ProvinceStateType>
								<TCRMExtension>
									<ExtendedObject>XAddressBObjExt</ExtendedObject>
									<XAddressBObjExt>
										<XCode1GenReturnType>1000006</XCode1GenReturnType>
										<XDPVReturnType>1000006</XDPVReturnType>
										<XLACSReturnType>1000006</XLACSReturnType>
										<XUSPSReturnType>1000007</XUSPSReturnType>
										<XAltAddrSchIndReturnType>1000005</XAltAddrSchIndReturnType>
										<XHighRiseDfltIndReturnType>1000002</XHighRiseDfltIndReturnType>
										<XRuralRouteDfltIndReturnType>1000002</XRuralRouteDfltIndReturnType>
									</XAddressBObjExt>
								</TCRMExtension>
							</TCRMAddressBObj>
						</TCRMPartyAddressBObj>
						<TCRMPartyIdentificationBObj>
							<IdentificationType>1000003</IdentificationType>
							<IdentificationNumber>NPINUMBER009890
							</IdentificationNumber>
							<IdentificationStatusType></IdentificationStatusType>
							<IdentificationExpiryDate></IdentificationExpiryDate>
							<StartDate>2005-05-23 00:00:00</StartDate>
							<EndDate></EndDate>
							<TCRMExtension>
								<ExtendedObject>XPartyIdentificationBObjExt
								</ExtendedObject>
								<XPartyIdentificationBObjExt>
									<ProvinceStateType></ProvinceStateType>
									<XLegacyUpdateDate>2014-10-09 02:02:07</XLegacyUpdateDate>
								</XPartyIdentificationBObjExt>
							</TCRMExtension>
						</TCRMPartyIdentificationBObj>
						<TCRMPersonNameBObj>
							<GenerationType></GenerationType>
							<NameUsageType>1000001</NameUsageType>
							<PrefixType></PrefixType>
							<PrefixDescription></PrefixDescription>
							<GivenNameOne>BOWMAN</GivenNameOne>
							<GivenNameTwo>A</GivenNameTwo>
							<LastName>MACAULAY</LastName>
							<Suffix></Suffix>
							<SourceIdentifierType>1000002</SourceIdentifierType>
							<TCRMExtension>
								<ExtendedObject>XPersonNameBObjExt
								</ExtendedObject>
								<XPersonNameBObjExt>
									<XLegacyUpdateDate>2014-10-09 02:02:08</XLegacyUpdateDate>
								</XPersonNameBObjExt>
							</TCRMExtension>
						</TCRMPersonNameBObj>					
						</TCRMPersonBObj>
				</XPhysicianBObj>
			</TCRMExtension>
		</TCRMObject>
	</TCRMTx>
</TCRMService>