{
    "swagger": "2.0",
    "info": {
        "title": "Person API",
        "description": "This API is used for manipulating a person entity.\nThis is not used for membership searches, use the Membership API for this information.",
        "version": "0.1.120216",
        "x-version-notes": [
        	"0.1.120216: Ensured consistency between Person, Patient, and Prescriber. - Todd Biske",
        	"0.1.111516: Dropped age, got rid of 'Name' suffix for first/middle/last within PersonName structure, renamed Preferences structure to PersonPreferences - Todd Biske",
        	"0.1.111016: Added additional values for marital status. - Todd Biske",
        	"0.1.110916: Continued refinement to PhoneNumber, PostalAddress, and ElectronicAddress - Todd Biske",
        	"0.1.110816: Changed 'localId' to 'relativeId'.  Changes to PhoneNumber to better conform to E.164. - Todd Biske",
        	"0.1.102816: Extracted information from Patient API to create this. - Todd Biske",
    	],
        "x-backlog-notes": [
        	"Items for future consideration.",
         	"  Add paging support",
        ]
    },
    "host": "--",
    "schemes": [
        "https"
    ],
    "basePath": "/v1",
    "produces": [
        "application/json",
    ],
    "paths": {
        "/persons/{resourceId}": {
            "get": {
                "summary": "Retrieve a person by id",
                "description": "This operation will return a representation of the person resource that matches the id specified by the consumer. The identifier must be resource id (GUID/UUID)\nExample:\n  UUID: GET /v1/persons/123e4567-e89b-12d3-a456-426655440000",
                "parameters": [
                    {
                        "name": "resourceId",
                        "in": "path",
                        "description": "An identifier for a single person resource, as either a resource id (just specify the GUID/UUID).  Multiple identifiers are not allowed. Example:\n  UUID: GET /v1/persons/123e4567-e89b-12d3-a456-426655440000",
                        "required": true,
                        "type": "string",
                    },
				],
                "responses": {
                    "200": {
                        "description": "A representation of the person resource that matched the specified identifier",
                        "schema": {
                                "$ref": "#/definitions/Person"
                        }
                    },
                    "404": {
                    	"description": "No person was found for the specified identifier",
                    	"schema": {
                    		"$ref": "#/definitions/Error"
                    	}
                    },
                    "default": {
                        "description": "Unexpected error",
                        "schema": {
                            "$ref": "#/definitions/Error"
                        }
                    }
                }
            },

            "put": {
                "summary": "Update the person resourece corresponding to the specified identifier",
                "description": "Updates the person resource specified with the information in the payload. Partial representations are allowed, only the properties specified in the payload will be modified. The identifier must be a resource id (GUID/UUID).\nExamples:\n  UUID: PUT /v1/persons/123e4567-e89b-12d3-a456-426655440000",
                "parameters": [
                    {
                        "name": "resourceId",
                        "in": "path",
                        "description": "An identifier for a single person resource to update, as a resource id (just specify the GUID/UUID).",
                        "required": true,
                        "type": "string",
                        "format": "string"
                    },
                    {
                        "name": "person",
                        "in": "body",
                        "description": "A JSON representation of the person resource. A partial representation is allowed. Any property specified will overwrite the current values for the corresponding property. Properties with null or empty values will have their values wiped out. Properties not specified will be left as-is.",
                        "required": true,
                        "schema": {
                            "$ref": "#/definitions/Person"
                        }
                    }
                ],
                "responses": {
                    "200": {
                        "description": "Successful update.",
                        "schema": {
                            "$ref": "#/definitions/Person"
                        }
                    },
                    "404": {
                    	"description": "No person was found for the specified identifier",
                    	"schema": {
                    		"$ref": "#/definitions/Error"
                    	}
                    },
                    "default": {
                        "description": "Unexpected error",
                        "schema": {
                            "$ref": "#/definitions/Error"
                        }
                    }
                }
            }
        },
        
        "/persons": {        
            "post": {
                "summary": "Create a new person",
                "description": "This operation will create a new person resource.  A representation of a person resource is expected to be specified in the payload, and a resource identifier corresponding to the new resource will be returned.",
                "consumes": [
                    "application/json"
                ],
                "parameters": [
                	{
                		"name": "person",
                		"in": "body",
                		"description": "The new Person to create.",
                		"required": true,
                		"schema": {
                			"$ref": "#/definitions/Person"
                		}
                	}
                ],
                "responses": {
                    "200": {
                        "description": "Returns the representation for the newly created person resource",
                		"schema": {
                			"$ref": "#/definitions/Person"
                		}
                    },
                    "default": {
                        "description": "Unexpected error",
                        "schema": {
                            "$ref": "#/definitions/Error"
                        }
                    }
                }
            },
            
            "get": {
                "summary": "Search for persons based on the search parmeters specified",
                "description": "This operation returns an array of persons matching the search criteria. By default, only resourceIds are returned unless the dataCollections query parameter is used.",
                "parameters": [
                    {
                    	"name": "dataCollections",
                    	"in": "query",
                    	"description": "A comma delimited-list of data collections to return for each matching person found.  If not specified, only resource ids will be returned. Allowed values: base,addresses,phoneNumbers,emailAddresses.",
                    	"type": "array",
                    	"items": {
                    		"type": "string"
                    	},
                    	"collectionFormat": "csv"
                    },
                    {
                        "name": "name.last",
                        "in": "query",
                        "description": "This will limit the retrieval to persons with the specified last name.",
                        "required": false,
                        "type": "string",
                        "format": "string"
                    },
                    {
                        "name": "name.first",
                        "in": "query",
                        "description": "This will limit the retrieval to persons with the specified first name.",
                        "required": false,
                        "type": "string",
                        "format": "string"
                    },
                    {
                        "name": "birthDate",
                        "in": "query",
                        "description": "This will limit the retrieval to persons with the specified date of birth.",
                        "required": false,
                        "type": "string",
                        "format": "date"
                    },   
        			{
        				"name": "includeConfidential",
        				"in": "query",
        				"description": "If this parameter appears, and the requesting user is authorized, contact information for a persons with a confidentialityFlag will be included?",
        				"required": false,
        				"type": string
        			}
                ],
                "responses": {
                    "200": {
                        "description": "An array of person resources",
                        "schema": {
                            "type": "array",
                            "items": {
                                "$ref": "#/definitions/Person"
                            }
                        }
                    },
                    "default": {
                        "description": "Unexpected error",
                        "schema": {
                            "$ref": "#/definitions/Error"
                        }
                    }
                }
            }
        },
        
        "/persons/{resourceId}/postalAddresses": {
        	"post": {
        		"summary": "Adds a new mailing address for the person.",
        		"description": "Adds a new mailing address for the person.",
        		"parameters": [
        			{
                        "name": "resourceId",
                        "in": "path",
                        "description": "Resource id of the person to be updated.",
                        "required": true,
                        "type": "string",
                        "format": "string"
                    },
                	{
                        "name": "address",
                        "in": "body",
                        "description": "A JSON representation of the address to add to the person.",
                        "required": true,
                        "schema": {
                            "$ref": "#/definitions/PostalAddress"
                        }
                    }
                ],
                "responses": {
                    "200": {
                        "description": "Successfully added, an address object with the assigned id (specific to person) will be returned.",
                        "schema": {
                        	"$ref": "#/definitions/PostalAddress"
                        }
                    },
                    "404": {
                    	"description": "No person was found for the specified identifier",
                    	"schema": {
                    		"$ref": "#/definitions/Error"
                    	}
                    },
                    "default": {
                        "description": "Unexpected error",
                        "schema": {
                            "$ref": "#/definitions/Error"
                        }
                    }
                }
            },
            
            "get": {
       			"summary": "Retrieve/find the postal addresses for a person.",
       			"description": "Retrieve/find the postal addresses for a person.",
            	"parameters": [
        			{
                        "name": "resourceId",
                        "in": "path",
                        "description": "Resource id of the person whose addresses we are searching.",
                        "required": true,
                        "type": "string",
                        "format": "string"
                    },
                	{
                    	"name": "classifications",
                    	"in": "query",
                    	"description": "Allows addresses that match any one of the specified classifications to be returned.",
                    	"required": false,
                    	"type": "array",
                    	"items": {
                    		"type": "string",
                    	},
                    	"collectionFormat": "csv",
                    },
        			{
        				"name": "includeConfidential",
        				"in": "query",
        				"description": "If this parameter appears, and the requesting user is authorized, contact information for a persons with a confidentialityFlag will be included?",
        				"required": false,
        				"type": "string"
        			}
                ],
                "responses": {
                    "200": {
                        "description": "The matching postal addresses found for the person.",
                        "schema": {
                            "type": "array",
                            "items": {
                                "$ref": "#/definitions/PostalAddress"
                            }
                        }
                    },
                    "404": {
                    	"description": "No person was found for the specified identifier",
                    	"schema": {
                    		"$ref": "#/definitions/Error"
                    	}
                    },
                    "default": {
                        "description": "Unexpected error",
                        "schema": {
                            "$ref": "#/definitions/Error"
                        }
                    }
                }
            }
		},
        
        "/persons/{resourceId}/postalAddresses/{relativeId}": {
       		"get": {
       			"summary": "Retrieve a particular postal address for a person.",
       			"description": "Retrieve a particular postal address for a person.",
       			"parameters": [
        			{
                        "name": "resourceId",
                        "in": "path",
                        "description": "Resource id of the person being inquiried.",
                        "required": true,
                        "type": "string",
                        "format": "string"
                    },
        			{
                        "name": "relativeId",
                        "in": "path",
                        "description": "A unique identifier within the collection of postal addresses for the person.",
                        "required": true,
                        "type": "string",
                        "format": "string"
                    },
        			{
        				"name": "includeConfidential",
        				"in": "query",
        				"description": "If this parameter appears, and the requesting user is authorized, contact information for a persons with a confidentialityFlag will be included?",
        				"required": false,
        				"type": "string"
        			}
                ],
                "responses": {
					"200": {
                        "description": "A single address object for the person.",
                        "schema": {
                            "$ref": "#/definitions/PostalAddress"
                        }
                    },
                    "404": {
                    	"description": "The person or postal address requested was not found.",
                    	"schema": {
                    		"$ref": "#/definitions/Error"
                    	}
                    },
                    "default": {
                        "description": "Unexpected error",
                        "schema": {
                            "$ref": "#/definitions/Error"
                        }
                    }
                }
            },
            
            "put": {
       			"summary": "Update a particular postal address for a person.",
       			"description": "Update a particular postal address for a person.",
       			"parameters": [
        			{
                        "name": "resourceId",
                        "in": "path",
                        "description": "Resource id of the person being inquiried.",
                        "required": true,
                        "type": "string",
                        "format": "string"
                    },
        			{
                        "name": "relativeId",
                        "in": "path",
                        "description": "A unique identifier within the collection of postal addresses for the person.",
                        "required": true,
                        "type": "string",
                        "format": "string"
                    },
                	{
                        "name": "address",
                        "in": "body",
                        "description": "A JSON representation of the updated postal address.",
                        "required": true,
                        "schema": {
                            "$ref": "#/definitions/PostalAddress"
                        }
                    }
                ],
				"responses": {
            		"200": {
                        "description": "Successfully updated.",
                        "schema": {
                            "$ref": "#/definitions/PostalAddress"
                        }
                    },
                    "404": {
                    	"description": "The person or postal address was not found.",
                    	"schema": {
                    		"$ref": "#/definitions/Error"
                    	}
                    },
                    "default": {
                        "description": "Unexpected error",
                        "schema": {
                            "$ref": "#/definitions/Error"
                        }
                    }
                }
            }
        },

        "/persons/{resourceId}/phoneNumbers": {
        	"post": {
        		"summary": "Adds a new phone number for the person.",
        		"description": "Adds a new phone number for the person.",
        		"parameters": [
        			{
                        "name": "resourceId",
                        "in": "path",
                        "description": "Resource id of the person to be updated.",
                        "required": true,
                        "type": "string",
                        "format": "string"
                    },
                	{
                        "name": "phoneNumber",
                        "in": "body",
                        "description": "A JSON representation of the phone number to add to the person.",
                        "required": true,
                        "schema": {
                            "$ref": "#/definitions/PhoneNumber"
                        }
                    }
                ],
                "responses": {
                    "200": {
                        "description": "Successfully added, a phone number object with the assigned id (specific to person) will be returned.",
                        "schema": {
                        	"$ref": "#/definitions/PhoneNumber"
                        }
                    },
                    "404": {
                    	"description": "No person was found for the specified identifier",
                    	"schema": {
                    		"$ref": "#/definitions/Error"
                    	}
                    },
                    "default": {
                        "description": "Unexpected error",
                        "schema": {
                            "$ref": "#/definitions/Error"
                        }
                    }
                }
            },
            
            "get": {
       			"summary": "Retrieve/find the phone numbers for a person.",
       			"description": "Retrieve/find the phone numbers for a person.",
            	"parameters": [
        			{
                        "name": "resourceId",
                        "in": "path",
                        "description": "Resource id of the person whose addresses we are searching.",
                        "required": true,
                        "type": "string",
                        "format": "string"
                    },
                	{
                    	"name": "classifications",
                    	"in": "query",
                    	"description": "Filter results to phone numbers with a specific classification.  If multiple classifications are passed in, phone numbers that match any of them will be returned",
                    	"required": false,
                    	"type": "array",
                    	"items": {
                    		"type": "string",
                    	}
                    },
                	{
                    	"name": "types",
                    	"in": "query",
                    	"description": "Filter results to phone numbers of specific types.",
                    	"required": false,
                    	"type": "array",
                    	"items": {
                    		"type": "string",
    						"enum": ["LANDLINE","MOBILE","FAX"]
                    	}
                    },
        			{
        				"name": "includeConfidential",
        				"in": "query",
        				"description": "If this parameter appears, and the requesting user is authorized, phone numbers for a persons with a confidentialityFlag will be included?",
        				"required": false,
        				"type": "string"
        			}
                ],
                "responses": {
                    "200": {
                        "description": "The matching phone numbers found for the person.",
                        "schema": {
                            "type": "array",
                            "items": {
                                "$ref": "#/definitions/PhoneNumber"
                            }
                        }
                    },
                    "404": {
                    	"description": "No person was found for the specified identifier",
                    	"schema": {
                    		"$ref": "#/definitions/Error"
                    	}
                    },
                    "default": {
                        "description": "Unexpected error",
                        "schema": {
                            "$ref": "#/definitions/Error"
                        }
                    }
                }
            }
		},
        
        "/persons/{resourceId}/phoneNumbers/{relativeId}": {
       		"get": {
       			"summary": "Retrieve a particular phone number for a person.",
       			"description": "Retrieve a particular phone number for a person.",
       			"parameters": [
        			{
                        "name": "resourceId",
                        "in": "path",
                        "description": "Resource id of the person being inquiried.",
                        "required": true,
                        "type": "string",
                        "format": "string"
                    },
        			{
                        "name": "relativeId",
                        "in": "path",
                        "description": "A unique identifier within the collection of phone numbers for the person.",
                        "required": true,
                        "type": "string",
                        "format": "string"
                    },
        			{
        				"name": "includeConfidential",
        				"in": "query",
        				"description": "If this parameter appears, and the requesting user is authorized, electronic identifiers for a persons with a confidentialityFlag will be included?",
        				"required": false,
        				"type": "string"
        			}
                ],
                "responses": {
					"200": {
                        "description": "A single phone number object for the person.",
                        "schema": {
                            "$ref": "#/definitions/PhoneNumber"
                        }
                    },
                    "404": {
                    	"description": "The person or phone number requested was not found.",
                    	"schema": {
                    		"$ref": "#/definitions/Error"
                    	}
                    },
                    "default": {
                        "description": "Unexpected error",
                        "schema": {
                            "$ref": "#/definitions/Error"
                        }
                    }
                }
            },
            
            "put": {
       			"summary": "Update a particular phone number for a person.",
       			"description": "Update a particular phone number for a person.",
       			"parameters": [
        			{
                        "name": "resourceId",
                        "in": "path",
                        "description": "Resource id of the person being inquiried.",
                        "required": true,
                        "type": "string",
                        "format": "string"
                    },
        			{
                        "name": "relativeId",
                        "in": "path",
                        "description": "A unique identifier within the collection of phone numbers for the person.",
                        "required": true,
                        "type": "string",
                        "format": "string"
                    },
                	{
                        "name": "phoneNumber",
                        "in": "body",
                        "description": "A JSON representation of the updated phone number.",
                        "required": true,
                        "schema": {
                            "$ref": "#/definitions/PhoneNumber"
                        }
                    }
                ],
				"responses": {
            		"200": {
                        "description": "Successfully updated.",
                        "schema": {
                            "$ref": "#/definitions/PhoneNumber"
                        }
                    },
                    "404": {
                    	"description": "The person or phone number was not found.",
                    	"schema": {
                    		"$ref": "#/definitions/Error"
                    	}
                    },
                    "default": {
                        "description": "Unexpected error",
                        "schema": {
                            "$ref": "#/definitions/Error"
                        }
                    }
                }
            }
        },

        "/persons/{resourceId}/electronicAddresses": {
        	"post": {
        		"summary": "Adds a new electronic identifier for the person.",
        		"description": "Adds a new electronic identifier for the person.",
        		"parameters": [
        			{
                        "name": "resourceId",
                        "in": "path",
                        "description": "Resource id of the person to be updated.",
                        "required": true,
                        "type": "string",
                        "format": "string"
                    },
                	{
                        "name": "electronicAddress",
                        "in": "body",
                        "description": "A JSON representation of the electronic address to add to the person.",
                        "required": true,
                        "schema": {
                            "$ref": "#/definitions/ElectronicAddress"
                        }
                    }
                ],
                "responses": {
                    "200": {
                        "description": "Successfully added, an electronic address object with the assigned id (specific to person) will be returned.",
                        "schema": {
                        	"$ref": "#/definitions/ElectronicAddress"
                        }
                    },
                    "404": {
                    	"description": "No person was found for the specified identifier",
                    	"schema": {
                    		"$ref": "#/definitions/Error"
                    	}
                    },
                    "default": {
                        "description": "Unexpected error",
                        "schema": {
                            "$ref": "#/definitions/Error"
                        }
                    }
                }
            },
            
            "get": {
       			"summary": "Retrieve/find the electronic addresses for a person.",
       			"description": "Retrieve/find the electronic addresses for a person.",
            	"parameters": [
        			{
                        "name": "resourceId",
                        "in": "path",
                        "description": "Resource id of the person whose electronic addresses we are searching.",
                        "required": true,
                        "type": "string",
                        "format": "string"
                    },
                	{
                    	"name": "classifications",
                    	"in": "query",
                    	"description": "Filter results to electronic addresses with a specific classification. If multiple classifications are passed in, any electronic address matching at least one of the classifications will be returned.",
                    	"required": false,
                    	"type": "array",
                    	"items": {
                    		"type": "string",
    						"enum": ["PERSONAL","PROFESSIONAL","OTHER"]
                    	}
                    },
                	{
                    	"name": "types",
                    	"in": "query",
                    	"description": "Filter results to electronic addresses of specific types.",
                    	"required": false,
                    	"type": "array",
                    	"items": {
                    		"type": "string",
    						"enum": ["EMAIL","FACEBOOK","TWITTER","LINKEDIN","SKYPE","SNAPCHAT","INSTAGRAM","WHATSAPP","WECHAT","OTHER"]
                    	}
                    },
        			{
        				"name": "includeConfidential",
        				"in": "query",
        				"description": "If this parameter appears, and the requesting user is authorized, contact information for a persons with a confidentialityFlag will be included?",
        				"required": false,
        				"type": "string"
        			}
                ],
                "responses": {
                    "200": {
                        "description": "The matching electronic addresses found for the person.",
                        "schema": {
                            "type": "array",
                            "items": {
                                "$ref": "#/definitions/ElectronicAddress"
                            }
                        }
                    },
                    "404": {
                    	"description": "No person was found for the specified identifier",
                    	"schema": {
                    		"$ref": "#/definitions/Error"
                    	}
                    },
                    "default": {
                        "description": "Unexpected error",
                        "schema": {
                            "$ref": "#/definitions/Error"
                        }
                    }
                }
            }
		},
        
        "/persons/{resourceId}/electronicAddresses/{relativeId}": {
       		"get": {
       			"summary": "Retrieve a particular electronic address for a person.",
       			"description": "Retrieve a particular electronic address for a person.",
       			"parameters": [
        			{
                        "name": "resourceId",
                        "in": "path",
                        "description": "Resource id of the person being inquiried.",
                        "required": true,
                        "type": "string",
                        "format": "string"
                    },
        			{
                        "name": "relativeId",
                        "in": "path",
                        "description": "A unique identifier within the collection of electronic addresses for a person",
                        "required": true,
                        "type": "string",
                        "format": "string"
                    },
        			{
        				"name": "includeConfidential",
        				"in": "query",
        				"description": "If this parameter appears, and the requesting user is authorized, electronic addresses for a persons with a confidentialityFlag will be included?",
        				"required": false,
        				"type": "string"
        			}
                ],
                "responses": {
					"200": {
                        "description": "A single electronic address object for the person.",
                        "schema": {
                            "$ref": "#/definitions/ElectronicAddress"
                        }
                    },
                    "404": {
                    	"description": "The person or electronic address requested was not found.",
                    	"schema": {
                    		"$ref": "#/definitions/Error"
                    	}
                    },
                    "default": {
                        "description": "Unexpected error",
                        "schema": {
                            "$ref": "#/definitions/Error"
                        }
                    }
                }
            },
            
            "put": {
       			"summary": "Update a particular electronic address for a person.",
       			"description": "Update a particular electronic address for a person.",
       			"parameters": [
        			{
                        "name": "resourceId",
                        "in": "path",
                        "description": "Resource id of the person being inquiried.",
                        "required": true,
                        "type": "string",
                        "format": "string"
                    },
        			{
                        "name": "relativeId",
                        "in": "path",
                        "description": "A unique identifier within the collection of electronic addresses for a person.",
                        "required": true,
                        "type": "string",
                        "format": "string"
                    },
                	{
                        "name": "electronicAddress",
                        "in": "body",
                        "description": "A JSON representation of the updated electronic address.",
                        "required": true,
                        "schema": {
                            "$ref": "#/definitions/ElectronicAddress"
                        }
                    }
                ],
				"responses": {
            		"200": {
                        "description": "Successfully updated.",
                        "schema": {
                            "$ref": "#/definitions/ElectronicAddress"
                        }
                    },
                    "404": {
                    	"description": "The specified person or electronic address was not found.",
                    	"schema": {
                    		"$ref": "#/definitions/Error"
                    	}
                    },
                    "default": {
                        "description": "Unexpected error",
                        "schema": {
                            "$ref": "#/definitions/Error"
                        }
                    }
                }
            }
        },        
    },
    
    "definitions": {
    	"LocalReference": {
    		"type": "object", 
    		"title": "Local Reference",
    		"description": "This model is used to hold a reference to an object internal to this resource.",
    		"properties": {
    			"relativeId": {
    				"description": "The relativeId (GUID) of the object within the collection.",
    				"type": "string"
    			}
    		}
    	},

		"Status": {
			"type": "object",
			"title": "Status",
			"description": "A general purpose status indicator without constraints on the value field.",
			"properties": {
				"value": {
					"description": "String value representing the status.  The specific allowed values for a property of this type should be documented with property.",
					"type": "string",
				},
				"effectiveDate": {
					"description": "The date when this status became valid.",
					"type": "string",
					"format": "date"
				},
				"expirationDate": {
					"description": "The date at which this status is no longer valid.",
					"type": "string",
					"format": "date"
				}
			}
		},	
		
    	"Country": {
    		"type": "object",
    		"title": "Country",
    		"description": "A structure for a country, including both the name as well as the ISO 3166 Country code",
    		"properties": {
				"name": {
					"description": "The name of the country, suitable for display",
					"type": "string",
				},
				"iso2code": {
					"description": "The ISO 3166 alpha 2 character code.  See: https://en.wikipedia.org/wiki/ISO_3166-1_alpha-2",
					"type": "string",
				},
				"iso3code": {
					"description": "The ISO 3166 alpha 3 character code.  See: https://en.wikipedia.org/wiki/ISO_3166-1_alpha-3",
					"type": "string"
				},
				"system": {
					"description": "A URI for the coding system used for this value.  Should always be set to http://psi.oasis-open.org/iso/3166",
					"type": "string",
					"default": "http://psi.oasis-open.org/iso/3166"
				}
			}
		},
		
		"State": {
			"type": "object",
			"title": "State",
			"description": "A structure for a state (typically US), including both the code and the name",
			"properties": {
				"name": {
					"description": "The name of the state, suitable for display",
					"type": "string",
				},
				"code": {
					"description": "A code for the state, typically the 2-letter abbreviation for the United States.",
					"type": "string",
				}
			}
		},
		
		"Language": {
			"type": "object",
			"title": "Language",
			"description": "A structure for a spoken language. Coded values are expected to use IETF language tags.",
			"properties": {
				"name": {
					"description": "Long form of the language tag, eg. English (United States)",
					"type": "string",
				},
				"code": {
					"description": "The IETF language tag",
					"type": "string",
				}
			}
		},
		
		"PostalAddress": {
    		"type": "object",
    		"title": "Postal Address",
    		"description": "A mailing address. The naming of the properties is meant to align with outside standards, such as hCard.",
    		"properties": {
    			"relativeId": {
    				"description": "An identifier used to uniquely identify this postal address when it is part of a collection.",
    				"type": "string"
    			},
    			"streetAddress": {
    				"description": "One or more lines comprising the street address.",
    				"type": "array",
    				"items": {
    					"type": "string"
    				},
    				"minItems": 1
    			}, 
    			"officeSuite": {
    				"description": "The office suite number, if applicable.",
    				"type": "string",
    			},
    			"apartmentNumber": {
    				"description": "The apartment number, if applicable.",
    				"type": "string",
    			},
    			"city": {
    				"description": "The city (locality) for the address.",
    				"type": "string"
    			},
    			"state": {
    				"$ref": "#/definitions/State",
    			},
    			"province": {
    				"description": "For international addresses requiring a province, this attribute should be populated.  Where this structure is only used for US addresses, province should not be populated.",
    				"type": "string",
    			},
    			"postalCode": {
    				"description": "The postal code (ZIP code in US) for the address.",
    				"type": "string"
    			},
    			"postOfficeBoxNumber": {
    				"description": "The PO Box number for the address, if used.",
    				"type": "string"
    			},
    			"country": {
    				"$ref": "#/definitions/Country",
    			},
    			"status": {
    				"description": "Indicator whether this address is active or not, with effective and expiration dates. Allowed values: 'ACTIVE','INACTIVE','UNKNOWN'",
    				"$ref": "#/definitions/Status"
      			},
    			"classifications": {
    				"description": "A collection of classifications for this address.  Home and work values are always available, along with a 'custom' property for consumer-specified tags.", 
    				"type": "object",
    				"properties": {
    					"home": {
    						"type": "boolean",
    					},
    					"work": {
    						"type": "boolean",
    					},
    					"customTags": {
    						"description": "Use this for custom tags.  Each array element should contain a string value representing the tag.",
    						"type": "array",
    						"items": {
    							"type": "string"
    						}
    					}
    				},
    			},
    		}
    	},

		"ElectronicAddress": {
			"type": "object",
			"title": "Electronic Address",
			"description": "An electronic address for an entity (e.g. email, Facebook, twitter, etc.)",
			"properties": {
				"relativeId": {
					"description": "An identifier used to uniquely identify this electronic identifier when it is part of a collection.",
					"type": "integer"
				},
				"address": {
					"description": "The actual electronic address.",
					"type": "string"
				},
				"type": {
					"description": "The type of address",
					"type": "string",
					"enum": ["EMAIL","FACEBOOK","TWITTER","LINKEDIN","SKYPE","SNAPCHAT","INSTAGRAM","WHATSAPP","WECHAT","OTHER"]
				},
				"status": {
					"description": "Indicator whether this electronic address is active or not, with effective and expiration dates.  Allowed values are: 'ACTIVE','INACTIVE','UNKNOWN'",
					"$ref": "#/definitions/Status"
				},
				"classifications": {
					"description": "A collection of classifications for this electronic address.  Home and work values are always available, along with a 'custom' property for consumer-specified tags.", 
					"type": "object",
					"properties": {
						"home": {
							"type": "boolean",
						},
						"work": {
							"type": "boolean",
						},
						"customTags": {
							"description": "Use this for custom tags.  Each array element should contain a string value representing the tag.",
							"type": "array",
							"items": {
								"type": "string"
							}
						}
					},
				},
			}
		},
    	
		"PhoneNumber": {
			"type": "object",
			"title": "Phone Number",
			"description": "A phone number for an entity of the form [countryCode][number][extension].",
			"properties": {
				"relativeId": {
					"description": "An identifier used to uniquely identify this address when it is part of a collection.",
					"type": "integer"
				},
				"countryCallingCode": {
					"description": "The country code portion of the phone number (e.g. USA is 1).",
					"type": "string"
				},
				"number": {
					"description": "The calling number used within the country.",
					"type": "string"
				},
				"extension": {
					"description": "If used, an extension to be used after dialing the primary number.",
					"type": "string"
				},
				"status": {
					"description": "Status of this phone number, including effective and expiration dates.  Allowed values are 'ACTIVE', 'DISCONNECTED', and 'UNKNOWN'.",
					"$ref": "#/definitions/Status"
				},
				"doNotCallIndicator": {
					"description": "Indicates whether this phone number is on a do not call registry or not.",
					"type": "boolean"
				},
				"capabilities": {
					"description": "A collection of booleans that record what capabilities are available for the number.   No value means we don't know.",
					"type": "object",
					"properties": {
						"fax": {
							"type": "boolean",
							"description": "If true, this number can receive FAX messages.",
						},
						"voice": {
							"type": "boolean",
							"description": "If true, this number can receive voice calls.",
						},
						"sms": {
							"type": "boolean",
							"description": "If true, this number can receive sms messages.",
						},
						"mms": {
							"type": "boolean",
							"description": "If true, this number can receive mms messages.",
						},
					},
				},
				"classifications": {
					"description": "A collection of classifications for this electronic address.  Home and work values are always available, along with a 'custom' property for consumer-specified tags.", 
					"type": "object",
					"properties": {
						"home": {
							"type": "boolean",
						},
						"work": {
							"type": "boolean",
						},
						"customTags": {
							"description": "Use this for custom tags.  Each array element should contain a string value representing the tag.",
							"type": "array",
							"items": {
								"type": "string"
							}
						}
					},
				},
			}
		},

    	"PersonPreferences": {
    		"type": "object",
    		"title": "PersonPreferences",
    		"description": "Person-controlled preferences, not specific to any system.",
    		"properties": {
    			"primaryPhoneNumber": {
    				"description": "The relative identifier of the primary phone number",
    				"$ref": "#/definitions/LocalReference"
    			},
    			"phoneBestTime": {
    				"description": "A string indicating the best time of day to utilize this phone number.",
    				"enum": ["MORNING","AFTERNOON","EVENING"]
    			},
    			"doNotCallFlag": {
    				"description": "Indicates whether this patient has asked us not to call them (phone number independent).  This property might not be needed.",
    				"type": "boolean"
    			},
    			"preferredLanguage": {
    				"description": "Primary language for the person.",
    				"type": "string"
    			},
    			"primaryElectronicAddress": {
    				"description": "The relative identifier of the primary electronic identifier",
    				"$ref": "#/definitions/LocalReference"
    			},
    			"primaryPostalAddress": {
    				"description": "The relative identifier of the primary postal address",
    				"$ref": "#/definitions/LocalReference"
    			},
    			"primaryContactMechanism": {
    				"description": "Primary contact mechanism for this person.",
    				"enum": ["ELECTRONIC","PHONE","MAIL"]
    			}
    		}
    	},
    	
    	"PersonName": {
    		"type": "object",
    		"title": "PersonName",
    		"description": "Basic characteristics of a person's name",
    		"properties": {
    			"first": {
    				"description": "The first name of the person.",
    				"type": "string"
    			},
    			"preferredFirst": {
    				"description": "If the person prefers to go by some other first name besides their legal first name, capture that here.",
    				"type": "string"
    			},
    			"middle": {
    				"description": "The middle name of the person.",
    				"type": "string"
    			},
    			"last": {
    				"description": "The last name of the person.",
    				"type": "string"
    			},
    			"prefix": {
    				"description": "The prefix for the person, e.g. Dr.",
    				"type": "string"
    			},
    			"professionalSuffixes": {
    				"description": "Professional (non-generational) suffixes for this name (e.g. PhD, MD, etc.).",
    				"type": "array",
    				"items": {
	    				"type": "string"
	    			}
    	   		},
    			"generationalSuffix": {
    				"description": "Generational suffix for this name (e.g. Jr., Sr., etc.)",
    				"type": "string"
    	   		}
			}
		},
		   		    	 		
    	"Person": {
    		"type": "object",
    		"title": "Person",
    		"description": "A representation of a person.",
    		"properties": {
 				"resourceId": {
    				"description": "The internal ESI UUID for the person.",
    				"type": "string"
    			},
    			"links": {
    				"description": "Array of ATOM-PUB style links.  At a minimum, resources should create one entry in this collection for a 'self' link.  'rel' should have a value of 'self', 'href' would be the URL to itself.",
    				"type": "array",
    				"items": {
    					"type": "object",
    					"properties": {
    						"rel": {
    							"description": "A keyword providing context for the link.  'self' should be used for a reference to this resource.",
    							"type": "string",
    						},
    						"href": {
    							"description": "The URL for the linked item.",
    							"type": "string",
    						}
    					}
    				}
    			},
    			"name": {
    				"$ref": "#/definitions/PersonName"
    			},
    			"postalAddresses": {
    				"type": "array",
    				"items": {
    					"$ref": "#/definitions/PostalAddress"
    				}
    			},
    			"electronicAddresses": {
    				"type": "array",
    				"items": {
    					"$ref": "#/definitions/ElectronicAddress"
    				}
    			},
    			"phoneNumbers": {
    				"type": "array",
    				"items": {
    					"$ref": "#/definitions/PhoneNumber"
    				}
    			},
    			"ssn": {
    				"description": "The social security number of the person.",
    				"type": "string"
    			},
    			"birthDate": { 
    				"description": "The date of birth (DOB) for the person.",
    				"type": "string",
    				"format": "date"
    			},
    			"gender": {
    				"description": "The gender of the person.",
    				"type": "string"
    			},
    			"maritalStatus": {
    				"description": "The marital status of the person.",
    				"type": "string",
    				"enum": ["SINGLE","MARRIED","SEPARATED","DIVORCED","WIDOWED","OTHER","UNKNOWN"],
    			},
    			"languages": {
    				"description": "Languages spoken by the person.",
    				"type": "array",
    				"items": {
    					"$ref": "#/definitions/Language"
    				}
    			},
    			"preferences": {
    				"$ref": "#/definitions/PersonPreferences"
    			},
        		"confidentialIndicator": {
        			"description": "If set, this person's information goes over and above normal confidentiality policies",
        			"type": "boolean"
        		},
        		"roles": {
        			"description": "A collection of references to role-specific entities that exist for this person.",
        			"type": "array",
        			"items": {
        				"type": "object",
        				"properties": {
        					"roleName": {
        						"description": "The name of the role, expressed as the singular form of the corresponding resource",
        						"type": "string",
        					},
        					"referenceId": {
        						"description": "The GUID/UUID for the corresponding role-specific resource.",
        						"type": "string"
        					},
        		       	}
        		    }
        		}
        	}
    	},

        "Error": {
            "type": "object",
            "properties": {
                "code": {
                    "type": "integer",
                    "format": "int32"
                },
                "data": {
                	"description": "Information about the error suitable for coding against.  E.g., in the case of a 400 response, the names of the properties that were missing or incorrectly specified.",
                	"type": "array",
                	"items": {
                		"type": "string"
                	}
                },
                "message": {
                    "type": "string"
                }
            }
    	}
    }
}