 {
    "resourceId": "d10904c5-d765-4f38-9209-ab4af6e1beb6",
    "personId": "ad631aec-7997-4e22-827b-110eacfc0c62",
    "preferenceSetTypeId": "4555909d-5b09-4398-b45c-5d8a89e5be11",
    "name": "CommunicationPreferences",
    "preference": [{
      "resourceId": "e2d6c6df-0104-4bb4-b0a9-5e1882abcd89",
      "preferenceTypeId": "adbf12eb-7238-4ffe-949e-6d4989d00651",
      "name": "preferredPhoneNumber",
      "value": "5abb48b8-398a-11e7-a919-92ebcb67fe33"
    }]
  }
  {
    "resourceId": "4995d10c-a1f0-4732-91d7-ee68ce3fbb07",
    "personId": "4e2832f2-79e8-47ac-be82-120f94bc9cc9",
    "preferenceSetTypeId": "4555909d-5b09-4398-b45c-5d8a89e5be11",
    "name": "CommunicationPreferences",
    "preference": [{
      "resourceId": "fd8cdc87-1cc2-4fea-85d6-c5abcd78378a",
      "preferenceTypeId": "942d79b4-974d-4a4b-b154-71517c7a9e35",
      "name": "preferredElectronicAddress",
      "value": "5abb4e9e-398a-11e7-a919-92ebcb67fe33"
    }]
  }
  {
    "resourceId": "55c870b1-4777-42dc-8083-3d86fb389f6d",
    "personId": "7dd45f3f-7454-4909-9294-68344f1355d5",
    "preferenceSetTypeId": "e0fda214-9fc1-4eaa-99b3-5364f3fb5efa",
    "name": "CommunicationPreferences",
    "preference": [{
      "resourceId": "0b3670ad-82e4-4269-a2b2-9ad0c91882ab",
      "preferenceTypeId": "13b30cee-1371-449f-a556-00425686e1c9",
      "name": "preferredShippingAddress",
      "value": "5abb5556-398a-11e7-a919-92ebcb67fe33"
    }]
  }
  {
    "resourceId": "fd887a23-30bb-4a02-9963-fd4cba4d2aff",
    "personId": "66fbd77e-283e-440f-b53c-35b647780dc0",
    "preferenceSetTypeId": "e0fda214-9fc1-4eaa-99b3-5364f3fb5efa",
    "name": "CommunicationPreferences",
    "preference": [{
      "resourceId": "7e53be5c-cc49-4308-9fb0-4c755bc7d0bc",
      "preferenceTypeId": "90eb3782-d345-4e1a-9144-ff66e8d62e3d",
      "name": "preferredContactMechanism",
      "value": "5abb5722-398a-11e7-a919-92ebcb67fe33"
    }]
  }