{
    "swagger": "2.0",
    "info": {
        "title": "Prescriber API",
        "description": "This API is used for manipulating a prescriber entity.",
        "version": "0.1.111616",
        "x-version-notes": [
        	"0.1.111616: Split out Person from Prescriber. - Todd Biske",
        	"0.1.091916: Removed medicareIdentifier from the model. - Todd Biske",
        	"0.1.091316: Changes from modeling effort and comparison to existing Prescriber service. - Todd Biske",
        	"0.1.090816: Initial draft. - Todd Biske",
    	],
        "x-backlog-notes": [
        	"Items for future consideration.",
        ]
    },
    "host": "--",
    "schemes": [
        "https"
    ],
    "basePath": "/v1",
    "produces": [
        "application/json",
    ],
    "paths": {
        "/prescribers/{identifier}": {
            "get": {
                "summary": "Retrieve a prescriber by id",
                "description": "This operation will return a representation of the prescriber resource that matches the id specified by the consumer. The identifier can be a resource id (GUID), a NPI (use the syntax npi:<value>), medicaid number (use the syntax medicaid:<value>), medicare number (use the syntax medicare:<value>), or DEA number (use the syntax dea:<value>).\nExamples:\n  UUID: GET /v1/prescribers/123e4567-e89b-12d3-a456-426655440000",
                "parameters": [
                    {
                        "name": "identifier",
                        "in": "path",
                        "description": "An identifier for a single prescriber resource. It can be a resource id (GUID), a NPI (use the syntax npi:<value>), medicaid number (use the syntax medicaid:<value>), medicare number (use the syntax medicare:<value>), or DEA number (use the syntax dea:<value>).  Multiple identifiers are not allowed.",
                        "required": true,
                        "type": "string",
                    }
				],
                "responses": {
                    "200": {
                        "description": "A representation of the prescriber resource that matched the specified identifier",
                        "schema": {
                                "$ref": "#/definitions/Prescriber"
                        }
                    },
                    "404": {
                    	"description": "No prescriber was found for the specified identifier",
                    	"schema": {
                    		"$ref": "#/definitions/Error"
                    	}
                    },
                    "default": {
                        "description": "Unexpected error",
                        "schema": {
                            "$ref": "#/definitions/Error"
                        }
                    }
                }
            },


            "put": {
                "summary": "Update the prescriber resourece corresponding to the specified identifier",
                "description": "Updates the prescriber resource specified with the information in the payload. Partial representations are allowed, only the properties specified in the payload will be modified. The identifier can be a resource id (GUID), an AGN (use the syntax agn:<value>).\nExamples:\n  UUID: PUT /v1/prescribers/123e4567-e89b-12d3-a456-426655440000",
                "parameters": [
                    {
                        "name": "identifier",
                        "in": "path",
                        "description": "An identifier for a single prescriber resource. It can be a resource id (GUID), a NPI (use the syntax npi:<value>), medicaid number (use the syntax medicaid:<value>), medicare number (use the syntax medicare:<value>), or DEA number (use the syntax dea:<value>).  Multiple identifiers are not allowed.",
                        "required": true,
                        "type": "string",
                        "format": "string"
                    },
                    {
                        "name": "prescriber",
                        "in": "body",
                        "description": "A JSON representation of the prescriber resource. A partial representation is allowed. Any property specified will overwrite the current values for the corresponding property. Properties with null or empty values will have their values wiped out. Properties not specified will be left as-is.",
                        "required": true,
                        "schema": {
                            "$ref": "#/definitions/Prescriber"
                        }
                    }
                ],
                "responses": {
                    "200": {
                        "description": "Successful update."
                    },
                    "404": {
                    	"description": "No prescriber was found for the specified identifier",
                    	"schema": {
                    		"$ref": "#/definitions/Error"
                    	}
                    },
                    "default": {
                        "description": "Unexpected error",
                        "schema": {
                            "$ref": "#/definitions/Error"
                        }
                    }
                }
            }
        },
        
        "/prescribers": {        
            "post": {
                "summary": "Create a new prescriber",
                "description": "This operation will create a new prescriber resource.  A representation of a prescriber resource is expected to be specified in the payload, and a resource identifier corresponding to the new resource will be returned.",
                "consumes": [
                    "application/json"
                ],
                "parameters": [
                	{
                		"name": "prescriber",
                		"in": "body",
                		"description": "The new Prescriber to create.",
                		"required": true,
                		"schema": {
                			"$ref": "#/definitions/Prescriber"
                		}
                	}
                ],
                "responses": {
                    "200": {
                        "description": "Returns the resource identifier for the newly created prescriber resource",
                        "schema": {
                        	"type": "string"
                        }
                    },
                    "default": {
                        "description": "Unexpected error",
                        "schema": {
                            "$ref": "#/definitions/Error"
                        }
                    }
                }
            }, 
            
            "get": {
                "summary": "Search for prescribers based on the search parmeters specified",
                "description": "This operation returns an array of prescribers matching the search criteria. By default, only resourceIds are returned unless the dataCollections query parameter is used.",
                "parameters": [
                    {
                        "name": "lastName",
                        "in": "query",
                        "description": "This will limit the retrieval to prescribers with the specified last name.",
                        "required": false,
                        "type": "string",
                        "format": "string"
                    },
                    {
                        "name": "firstName",
                        "in": "query",
                        "description": "This will limit the retrieval to prescribers with the specified first name.",
                        "required": false,
                        "type": "string",
                        "format": "string"
                    },
                    {
                    	"name": "middleName",
                    	"in": "query",
                    	"description": "This will limit the retrieval to prescribers with the specified middle name.",
                    	"required": false,
                    	"type": "string",
                    	"format": "string"
                    },
                   	{
                   		"name": "phoneNumber",
                   		"in": "query",
                   		"description": "This will limit the retrieval to prescribers with the specified phone number. A format of ###-###-#### is preferred, but the API will make its best attempt to parse other formats.",
                   		"required": false,
                   		"type": "string",
                   		"format": "string"
                   	}, 
                    {
                    	"name": "license.state",
                    	"in": "query",
                    	"description": "The two-letter state code for the license",
                    	"required": false,
                    	"type": "string",
                    	"format": "string"
                    },
                    {
                    	"name": "license.number",
                    	"in": "query",
                    	"description": "The license number",
                    	"required": false,
                    	"type": "string",
                    	"format": "string"
                    },
                    {
                    	"name": "city",
                    	"in": "query",
                    	"description": "Filters prescribers to only those in the specified city (locality)",
                    	"required": false,
                    	"type": "string",
                    	"format": "string"
                    },
                    {
                    	"name": "state",
                    	"in": "query",
                    	"description": "Filters prescribes to only those in the specified state (region)",
                    	"required": false,
                    	"type": "string",
                    	"format": "string"
                    },
                    {
                    	"name": "postalCode",
                    	"in": "query",
                    	"description": "Filters prescribers to only those in the specified postal (zip) code.  This does not perform a proximity-based search.",
                    	"required": false,
                    	"type": "string",
                    	"format": "string"
                    },
                    {
                    	"name": "person.resourceId",
                    	"in": "query",
                    	"description": "This will limit the retrieval to prescribers corresponding the person id (GUID/UUID) provided (should only be 0 or 1).",
                    	"required": false,
                    	"type": "string",
                    	"format": "string",
                    },
                    {
                    	"name": "mdmId",
                    	"in": "query",
                    	"description": "This will limit the retrieval to prescribers corresponding to the prescriber MDM id provided (should only match 0 or 1).",
                    	"required": false,
                    	"type": "string",
                    	"format": "string",
                    },
                ],
                "responses": {
                    "200": {
                        "description": "An array of prescriber resources",
                        "schema": {
                            "type": "array",
                            "items": {
                                "$ref": "#/definitions/Prescriber"
                            }
                        }
                    },
                    "default": {
                        "description": "Unexpected error",
                        "schema": {
                            "$ref": "#/definitions/Error"
                        }
                    }
                }
            }
        },
        
        "/prescribers/{identifier}/postalAddresses": {
        	"post": {
        		"summary": "Adds a new mailing address for the prescriber.",
        		"description": "Adds a new mailing address for the prescriber.",
        		"parameters": [
        			{
                        "name": "identifier",
                        "in": "path",
                        "description": "An identifier for a single prescriber resource. It can be a resource id (GUID), a NPI (use the syntax npi:<value>), medicaid number (use the syntax medicaid:<value>), medicare number (use the syntax medicare:<value>), or DEA number (use the syntax dea:<value>).  Multiple identifiers are not allowed.",
                        "required": true,
                        "type": "string",
                        "format": "string"
                    },
                	{
                        "name": "address",
                        "in": "body",
                        "description": "A JSON representation of the address to add to the prescriber.",
                        "required": true,
                        "schema": {
                            "$ref": "#/definitions/PostalAddress"
                        }
                    }
                ],
                "responses": {
                    "200": {
                        "description": "Successfully added, an address object with the assigned id (specific to prescriber) will be returned.",
                        "schema": {
                        	"$ref": "#/definitions/PostalAddress"
                        }
                    },
                    "404": {
                    	"description": "No prescriber was found for the specified identifier",
                    	"schema": {
                    		"$ref": "#/definitions/Error"
                    	}
                    },
                    "default": {
                        "description": "Unexpected error",
                        "schema": {
                            "$ref": "#/definitions/Error"
                        }
                    }
                }
            },
            
            "get": {
       			"summary": "Retrieve/find the postal addresses for a prescriber.",
       			"description": "Retrieve/find the postal addresses for a prescriber.",
            	"parameters": [
        			{
                        "name": "identifier",
                        "in": "path",
                        "description": "An identifier for a single prescriber resource. It can be a resource id (GUID), a NPI (use the syntax npi:<value>), medicaid number (use the syntax medicaid:<value>), medicare number (use the syntax medicare:<value>), or DEA number (use the syntax dea:<value>).  Multiple identifiers are not allowed.",
                        "required": true,
                        "type": "string",
                        "format": "string"
                    },
                	{
                    	"name": "classifications",
                    	"in": "query",
                    	"description": "The type of address to retrieve. If not specified, all addresses on file for the prescriber will be returned. Note, this should be an enumerated type, not a string.",
                    	"required": false,
                    	"type": "array",
                    	"items": {
                    		"type": "string",
                    	},
                    	"collectionFormat": "csv",
                    }
                ],
                "responses": {
                    "200": {
                        "description": "The matching postal addresses found for the prescriber.",
                        "schema": {
                            "type": "array",
                            "items": {
                                "$ref": "#/definitions/PostalAddress"
                            }
                        }
                    },
                    "404": {
                    	"description": "No prescriber was found for the specified identifier",
                    	"schema": {
                    		"$ref": "#/definitions/Error"
                    	}
                    },
                    "default": {
                        "description": "Unexpected error",
                        "schema": {
                            "$ref": "#/definitions/Error"
                        }
                    }
                }
            }
		},
        
        "/prescribers/{identifier}/postalAddresses/{relativeId}": {
       		"get": {
       			"summary": "Retrieve a particular postal address for a prescriber.",
       			"description": "Retrieve a particular postal address for a prescriber.",
       			"parameters": [
        			{
                        "name": "identifier",
                        "in": "path",
                        "description": "An identifier for a single prescriber resource. It can be a resource id (GUID), a NPI (use the syntax npi:<value>), medicaid number (use the syntax medicaid:<value>), medicare number (use the syntax medicare:<value>), or DEA number (use the syntax dea:<value>).  Multiple identifiers are not allowed.",
                        "required": true,
                        "type": "string",
                        "format": "string"
                    },
        			{
                        "name": "relativeId",
                        "in": "path",
                        "description": "Identifier for a specific postal addresses of the prescriber.",
                        "required": true,
                        "type": "string",
                        "format": "string"
                    }
                ],
                "responses": {
					"200": {
                        "description": "A single address object for the prescriber.",
                        "schema": {
                            "$ref": "#/definitions/PostalAddress"
                        }
                    },
                    "404": {
                    	"description": "The address requested was not found.",
                    	"schema": {
                    		"$ref": "#/definitions/Error"
                    	}
                    },
                    "default": {
                        "description": "Unexpected error",
                        "schema": {
                            "$ref": "#/definitions/Error"
                        }
                    }
                }
            },
            
            "put": {
       			"summary": "Update a particular postal address for a prescriber.",
       			"description": "Update a particular postal address for a prescriber.",
       			"parameters": [
        			{
                        "name": "identifier",
                        "in": "path",
                        "description": "An identifier for a single prescriber resource. It can be a resource id (GUID), a NPI (use the syntax npi:<value>), medicaid number (use the syntax medicaid:<value>), medicare number (use the syntax medicare:<value>), or DEA number (use the syntax dea:<value>).  Multiple identifiers are not allowed.",
                        "required": true,
                        "type": "string",
                        "format": "string"
                    },
        			{
                        "name": "relativeId",
                        "in": "path",
                        "description": "Identifier for a specific postal addresses of the prescriber.",
                        "required": true,
                        "type": "string",
                        "format": "string"
                    },
                	{
                        "name": "address",
                        "in": "body",
                        "description": "A JSON representation of the updated postal address.",
                        "required": true,
                        "schema": {
                            "$ref": "#/definitions/PostalAddress"
                        }
                    }
                ],
				"responses": {
            		"200": {
                        "description": "Successfully updated."
                    },
                    "404": {
                    	"description": "The specified address was not found.",
                    	"schema": {
                    		"$ref": "#/definitions/Error"
                    	}
                    },
                    "default": {
                        "description": "Unexpected error",
                        "schema": {
                            "$ref": "#/definitions/Error"
                        }
                    }
                }
            }
        },

        "/prescribers/{identifier}/phoneNumbers": {
        	"post": {
        		"summary": "Adds a new phone number for the prescriber.",
        		"description": "Adds a new phone number for the prescriber.",
        		"parameters": [
        			{
                        "name": "identifier",
                        "in": "path",
                        "description": "An identifier for a single prescriber resource. It can be a resource id (GUID), a NPI (use the syntax npi:<value>), medicaid number (use the syntax medicaid:<value>), medicare number (use the syntax medicare:<value>), or DEA number (use the syntax dea:<value>).  Multiple identifiers are not allowed.",
                        "required": true,
                        "type": "string",
                        "format": "string"
                    },
                	{
                        "name": "phoneNumber",
                        "in": "body",
                        "description": "A JSON representation of the phone number to add to the prescriber.",
                        "required": true,
                        "schema": {
                            "$ref": "#/definitions/PhoneNumber"
                        }
                    }
                ],
                "responses": {
                    "200": {
                        "description": "Successfully added, a phone number object with the assigned id (specific to prescriber) will be returned.",
                        "schema": {
                        	"$ref": "#/definitions/PhoneNumber"
                        }
                    },
                    "404": {
                    	"description": "No prescriber was found for the specified identifier",
                    	"schema": {
                    		"$ref": "#/definitions/Error"
                    	}
                    },
                    "default": {
                        "description": "Unexpected error",
                        "schema": {
                            "$ref": "#/definitions/Error"
                        }
                    }
                }
            },
            
            "get": {
       			"summary": "Retrieve/find the phone numbers for a prescriber.",
       			"description": "Retrieve/find the phone numbers for a prescriber.",
            	"parameters": [
        			{
                        "name": "identifier",
                        "in": "path",
                        "description": "An identifier for a single prescriber resource. It can be a resource id (GUID), a NPI (use the syntax npi:<value>), medicaid number (use the syntax medicaid:<value>), medicare number (use the syntax medicare:<value>), or DEA number (use the syntax dea:<value>).  Multiple identifiers are not allowed.",
                        "required": true,
                        "type": "string",
                        "format": "string"
                    },
                	{
                    	"name": "classifications",
                    	"in": "query",
                    	"description": "Filter results to phone numbers with certain classifications. If multiple classifications are specified, any phone number that matches one of the specified classifications will be returned.",
                    	"required": false,
                    	"type": "array",
                    	"items": {
                    		"type": "string",
                    	},
                    	"collectionFormat": "csv"
                    },
                	{
                    	"name": "types",
                    	"in": "query",
                    	"description": "Filter results to phone numbers of specific types.",
                    	"required": false,
                    	"type": "array",
                    	"items": {
                    		"type": "string",
    						"enum": ["LANDLINE","MOBILE","FAX"]
                    	}
                    }
                ],
                "responses": {
                    "200": {
                        "description": "The matching phone numbers found for the prescriber.",
                        "schema": {
                            "type": "array",
                            "items": {
                                "$ref": "#/definitions/PhoneNumber"
                            }
                        }
                    },
                    "404": {
                    	"description": "No prescriber was found for the specified identifier",
                    	"schema": {
                    		"$ref": "#/definitions/Error"
                    	}
                    },
                    "default": {
                        "description": "Unexpected error",
                        "schema": {
                            "$ref": "#/definitions/Error"
                        }
                    }
                }
            }
		},
        
        "/prescribers/{identifier}/phoneNumbers/{relativeId}": {
       		"get": {
       			"summary": "Retrieve a particular phone number for a prescriber.",
       			"description": "Retrieve a particular phone number for a prescriber.",
       			"parameters": [
        			{
                        "name": "identifier",
                        "in": "path",
                        "description": "An identifier for a single prescriber resource. It can be a resource id (GUID), a NPI (use the syntax npi:<value>), medicaid number (use the syntax medicaid:<value>), medicare number (use the syntax medicare:<value>), or DEA number (use the syntax dea:<value>).  Multiple identifiers are not allowed.",
                        "required": true,
                        "type": "string",
                        "format": "string"
                    },
        			{
                        "name": "relativeId",
                        "in": "path",
                        "description": "Identifier for a specific phone number for the prescriber.",
                        "required": true,
                        "type": "string",
                        "format": "string"
                    }
                ],
                "responses": {
					"200": {
                        "description": "A single phone number object for the prescriber.",
                        "schema": {
                            "$ref": "#/definitions/PhoneNumber"
                        }
                    },
                    "404": {
                    	"description": "The phone number requested was not found.",
                    	"schema": {
                    		"$ref": "#/definitions/Error"
                    	}
                    },
                    "default": {
                        "description": "Unexpected error",
                        "schema": {
                            "$ref": "#/definitions/Error"
                        }
                    }
                }
            },
            
            "put": {
       			"summary": "Update a particular phone number for a prescriber.",
       			"description": "Update a particular phone number for a prescriber.",
       			"parameters": [
        			{
                        "name": "identifier",
                        "in": "path",
                        "description": "An identifier for a single prescriber resource. It can be a resource id (GUID), a NPI (use the syntax npi:<value>), medicaid number (use the syntax medicaid:<value>), medicare number (use the syntax medicare:<value>), or DEA number (use the syntax dea:<value>).  Multiple identifiers are not allowed.",
                        "required": true,
                        "type": "string",
                        "format": "string"
                    },
        			{
                        "name": "relativeId",
                        "in": "path",
                        "description": "Identifier for a specific phone number for the prescriber.",
                        "required": true,
                        "type": "string",
                        "format": "string"
                    },
                	{
                        "name": "phoneNumber",
                        "in": "body",
                        "description": "A JSON representation of the updated phone number.",
                        "required": true,
                        "schema": {
                            "$ref": "#/definitions/PhoneNumber"
                        }
                    }
                ],
				"responses": {
            		"200": {
                        "description": "Successfully updated."
                    },
                    "404": {
                    	"description": "The specified phone number was not found.",
                    	"schema": {
                    		"$ref": "#/definitions/Error"
                    	}
                    },
                    "default": {
                        "description": "Unexpected error",
                        "schema": {
                            "$ref": "#/definitions/Error"
                        }
                    }
                }
            }
        },

        "/prescribers/{identifier}/electronicAddresses": {
        	"post": {
        		"summary": "Adds a new electronic address for the prescriber.",
        		"description": "Adds a new electronic address for the prescriber.",
        		"parameters": [
        			{
                        "name": "identifier",
                        "in": "path",
                        "description": "An identifier for a single prescriber resource. It can be a resource id (GUID), a NPI (use the syntax npi:<value>), medicaid number (use the syntax medicaid:<value>), medicare number (use the syntax medicare:<value>), or DEA number (use the syntax dea:<value>).  Multiple identifiers are not allowed.",
                        "required": true,
                        "type": "string",
                        "format": "string"
                    },
                	{
                        "name": "electronicAddress",
                        "in": "body",
                        "description": "A JSON representation of the electronic address to add to the prescriber.",
                        "required": true,
                        "schema": {
                            "$ref": "#/definitions/ElectronicAddress"
                        }
                    }
                ],
                "responses": {
                    "200": {
                        "description": "Successfully added, an electronic address object with the assigned id (specific to prescriber) will be returned.",
                        "schema": {
                        	"$ref": "#/definitions/ElectronicAddress"
                        }
                    },
                    "404": {
                    	"description": "No prescriber was found for the specified identifier",
                    	"schema": {
                    		"$ref": "#/definitions/Error"
                    	}
                    },
                    "default": {
                        "description": "Unexpected error",
                        "schema": {
                            "$ref": "#/definitions/Error"
                        }
                    }
                }
            },
            
            "get": {
       			"summary": "Retrieve/find the electronic addresses for a prescriber.",
       			"description": "Retrieve/find the electronic addresses for a prescriber.",
            	"parameters": [
        			{
                        "name": "identifier",
                        "in": "path",
                        "description": "An identifier for a single prescriber resource. It can be a resource id (GUID), a NPI (use the syntax npi:<value>), medicaid number (use the syntax medicaid:<value>), medicare number (use the syntax medicare:<value>), or DEA number (use the syntax dea:<value>).  Multiple identifiers are not allowed.",
                        "required": true,
                        "type": "string",
                        "format": "string"
                    },
                	{
                    	"name": "classifications",
                    	"in": "query",
                    	"description": "Filter results to electronic addresses with particular classifications.",
                    	"required": false,
                    	"type": "array",
                    	"items": {
                    		"type": "string",
                    	},
                    	"collectionFormat": "csv"
                    },
                	{
                    	"name": "types",
                    	"in": "query",
                    	"description": "Filter results to electronic addresses of specific types.",
                    	"required": false,
                    	"type": "array",
                    	"items": {
                    		"type": "string",
    						"enum": ["EMAIL","FACEBOOK","TWITTER","LINKEDIN","SKYPE","SNAPCHAT","INSTAGRAM","WHATSAPP","WECHAT","OTHER"]
                    	}
                    }
                ],
                "responses": {
                    "200": {
                        "description": "The matching electronic identifiers found for the prescriber.",
                        "schema": {
                            "type": "array",
                            "items": {
                                "$ref": "#/definitions/ElectronicAddress"
                            }
                        }
                    },
                    "404": {
                    	"description": "No prescriber was found for the specified identifier",
                    	"schema": {
                    		"$ref": "#/definitions/Error"
                    	}
                    },
                    "default": {
                        "description": "Unexpected error",
                        "schema": {
                            "$ref": "#/definitions/Error"
                        }
                    }
                }
            }
		},
        
        "/prescribers/{identifier}/electronicAddresses/{relativeId}": {
       		"get": {
       			"summary": "Retrieve a particular electronic address for a prescriber.",
       			"description": "Retrieve a particular electronic address for a prescriber.",
       			"parameters": [
        			{
                        "name": "identifier",
                        "in": "path",
                        "description": "An identifier for a single prescriber resource. It can be a resource id (GUID), a NPI (use the syntax npi:<value>), medicaid number (use the syntax medicaid:<value>), medicare number (use the syntax medicare:<value>), or DEA number (use the syntax dea:<value>).  Multiple identifiers are not allowed.",
                        "required": true,
                        "type": "string",
                        "format": "string"
                    },
        			{
                        "name": "relativeId",
                        "in": "path",
                        "description": "Used to identify a specific postal address for a prescriber",
                        "required": true,
                        "type": "string",
                        "format": "string"
                    }
                ],
                "responses": {
					"200": {
                        "description": "A single electronic address object for the prescriber.",
                        "schema": {
                            "$ref": "#/definitions/ElectronicAddress"
                        }
                    },
                    "404": {
                    	"description": "The electronic address requested was not found.",
                    	"schema": {
                    		"$ref": "#/definitions/Error"
                    	}
                    },
                    "default": {
                        "description": "Unexpected error",
                        "schema": {
                            "$ref": "#/definitions/Error"
                        }
                    }
                }
            },
            
            "put": {
       			"summary": "Update a particular electronic address for a prescriber.",
       			"description": "Update a particular electronic address for a prescriber.",
       			"parameters": [
        			{
                        "name": "identifier",
                        "in": "path",
                        "description": "An identifier for a single prescriber resource. It can be a resource id (GUID), a NPI (use the syntax npi:<value>), medicaid number (use the syntax medicaid:<value>), medicare number (use the syntax medicare:<value>), or DEA number (use the syntax dea:<value>).  Multiple identifiers are not allowed.",
                        "required": true,
                        "type": "string",
                        "format": "string"
                    },
        			{
                        "name": "relativeId",
                        "in": "path",
                        "description": "Used to identify a specific postal address for a prescriber",
                        "required": true,
                        "type": "string",
                        "format": "string"
                    },
                	{
                        "name": "electronicAddress",
                        "in": "body",
                        "description": "A JSON representation of the updated electronic identifier.",
                        "required": true,
                        "schema": {
                            "$ref": "#/definitions/ElectronicAddress"
                        }
                    }
                ],
				"responses": {
            		"200": {
                        "description": "Successfully updated."
                    },
                    "404": {
                    	"description": "The specified electronic address was not found.",
                    	"schema": {
                    		"$ref": "#/definitions/Error"
                    	}
                    },
                    "default": {
                        "description": "Unexpected error",
                        "schema": {
                            "$ref": "#/definitions/Error"
                        }
                    }
                }
            }
        },
    },
    
    "definitions": {
    	"Country": {
    		"type": "object",
    		"title": "Country",
    		"description": "A structure for a country, including both the name as well as the ISO 3166 Country code",
    		"properties": {
				"name": {
					"description": "The name of the country, suitable for display",
					"type": "string",
				},
				"iso2code": {
					"description": "The ISO 3166 alpha 2 character code.  See: https://en.wikipedia.org/wiki/ISO_3166-1_alpha-2",
					"type": "string",
				},
				"iso3code": {
					"description": "The ISO 3166 alpha 3 character code.  See: https://en.wikipedia.org/wiki/ISO_3166-1_alpha-3",
					"type": "string"
				},
				"system": {
					"description": "A URI for the coding system used for this value.  Should always be set to http://psi.oasis-open.org/iso/3166",
					"type": "string",
					"default": "http://psi.oasis-open.org/iso/3166"
				}
			}
		},
		
		"State": {
			"type": "object",
			"title": "State",
			"description": "A structure for a state (typically US), including both the code and the name",
			"properties": {
				"name": {
					"description": "The name of the state, suitable for display",
					"type": "string",
				},
				"code": {
					"description": "A code for the state, typically the 2-letter abbreviation for the United States.",
					"type": "string",
				}
			}
		},
		
		"Language": {
			"type": "object",
			"title": "Language",
			"description": "A structure for a spoken language. Coded values are expected to use IETF language tags.",
			"properties": {
				"name": {
					"description": "Long form of the language tag, eg. English (United States)",
					"type": "string",
				},
				"code": {
					"description": "The IETF language tag",
					"type": "string",
				}
			}
		},
		
		"PostalAddress": {
    		"type": "object",
    		"title": "Postal Address",
    		"description": "A mailing address. The naming of the properties is meant to align with outside standards, such as hCard.",
    		"properties": {
    			"relativeId": {
    				"description": "An identifier used to uniquely identify this postal address when it is part of a collection.",
    				"type": "string"
    			},
    			"streetAddress": {
    				"description": "One or more lines comprising the street address.",
    				"type": "array",
    				"items": {
    					"type": "string"
    				},
    				"minItems": 1
    			}, 
    			"officeSuite": {
    				"description": "The office suite number, if applicable.",
    				"type": "string",
    			},
    			"apartmentNumber": {
    				"description": "The apartment number, if applicable.",
    				"type": "string",
    			},
    			"city": {
    				"description": "The city (locality) for the address.",
    				"type": "string"
    			},
    			"state": {
    				"$ref": "#/definitions/State",
    			},
    			"province": {
    				"description": "For international addresses requiring a province, this attribute should be populated.  Where this structure is only used for US addresses, province should not be populated.",
    				"type": "string",
    			},
    			"postalCode": {
    				"description": "The postal code (ZIP code in US) for the address.",
    				"type": "string"
    			},
    			"postOfficeBoxNumber": {
    				"description": "The PO Box number for the address, if used.",
    				"type": "string"
    			},
    			"country": {
    				"$ref": "#/definitions/Country",
    			},
    			"status": {
    				"description": "Indicator whether this address is active or not",
    				"enum": ["ACTIVE","INACTIVE","UNKNOWN"]
      			},
    			"validSinceDate": {
    				"description": "Date at which this address became valid for the person.",
       				"type": "string",
       				"format": "date"
    			},
    			"validUntilDate": {
    				"description": "Date at which this address became invalid for the person.",
       				"type": "string",
       				"format": "date"
    			},
    			"classifications": {
    				"description": "A collection of classifications for this address.  Home and work values are always available, along with a 'custom' property for consumer-specified tags.", 
    				"type": "object",
    				"properties": {
    					"home": {
    						"type": "boolean",
    					},
    					"work": {
    						"type": "boolean",
    					},
    					"customTags": {
    						"description": "Use this for custom tags.  Each array element should contain a string value representing the tag.",
    						"type": "array",
    						"items": {
    							"type": "string"
    						}
    					}
    				},
    			},
    		}
    	},

		"ElectronicAddress": {
			"type": "object",
			"title": "Electronic Address",
			"description": "An electronic address for an entity (e.g. email, Facebook, twitter, etc.)",
			"properties": {
				"relativeId": {
					"description": "An identifier used to uniquely identify this electronic identifier when it is part of a collection.",
					"type": "integer"
				},
				"address": {
					"description": "The actual electronic address.",
					"type": "string"
				},
				"type": {
					"description": "The type of address",
					"type": "string",
					"enum": ["EMAIL","FACEBOOK","TWITTER","LINKEDIN","SKYPE","SNAPCHAT","INSTAGRAM","WHATSAPP","WECHAT","OTHER"]
				},
				"status": {
					"description": "Indicator whether this electronic address is active or not",
					"enum": ["ACTIVE","INACTIVE","UNKNOWN"]
				},
				"validSinceDate": {
					"description": "Date at which this electronic address became valid for the person.",
					"type": "string",
					"format": "date"
				},
				"validUntilDate": {
					"description": "Date at which this electronic address became invalid for the person.",
					"type": "string",
					"format": "date"
				},
				"classifications": {
					"description": "A collection of classifications for this electronic address.  Home and work values are always available, along with a 'custom' property for consumer-specified tags.", 
					"type": "object",
					"properties": {
						"home": {
							"type": "boolean",
						},
						"work": {
							"type": "boolean",
						},
						"customTags": {
							"description": "Use this for custom tags.  Each array element should contain a string value representing the tag.",
							"type": "array",
							"items": {
								"type": "string"
							}
						}
					},
				},
			}
		},
    	
		"PhoneNumber": {
			"type": "object",
			"title": "Phone Number",
			"description": "A phone number for an entity of the form [countryCode][number][extension].",
			"properties": {
				"relativeId": {
					"description": "An identifier used to uniquely identify this address when it is part of a collection.",
					"type": "integer"
				},
				"countryCallingCode": {
					"description": "The country code portion of the phone number (e.g. USA is 1).",
					"type": "string"
				},
				"number": {
					"description": "The calling number used within the country.",
					"type": "string"
				},
				"extension": {
					"description": "If used, an extension to be used after dialing the primary number.",
					"type": "string"
				},
				"status": {
					"description": "Status of this phone number.",
					"enum": ["ACTIVE","DISCONNECTED","UNKNOWN"]
				},
				"validSinceDate": {
					"description": "Date at which this phone number became valid for the person.",
					"type": "string",
					"format": "date"
				},
				"validUntilDate": {
					"description": "Date at which this phone number became invalid for the person.",
					"type": "string",
					"format": "date"
				},
				"doNotCallIndicator": {
					"description": "Indicates whether this phone number is on a do not call registry or not.",
					"type": "boolean"
				},
				"capabilities": {
					"description": "A collection of booleans that record what capabilities are available for the number.   No value means we don't know.",
					"type": "object",
					"properties": {
						"fax": {
							"type": "boolean",
							"description": "If true, this number can receive FAX messages.",
						},
						"voice": {
							"type": "boolean",
							"description": "If true, this number can receive voice calls.",
						},
						"sms": {
							"type": "boolean",
							"description": "If true, this number can receive sms messages.",
						},
						"mms": {
							"type": "boolean",
							"description": "If true, this number can receive mms messages.",
						},
					},
				},
				"classifications": {
					"description": "A collection of classifications for this electronic address.  Home and work values are always available, along with a 'custom' property for consumer-specified tags.", 
					"type": "object",
					"properties": {
						"home": {
							"type": "boolean",
						},
						"work": {
							"type": "boolean",
						},
						"customTags": {
							"description": "Use this for custom tags.  Each array element should contain a string value representing the tag.",
							"type": "array",
							"items": {
								"type": "string"
							}
						}
					},
				},
			}
		},

    	"PersonName": {
    		"type": "object",
    		"title": "PersonName",
    		"description": "Basic characteristics of a person's name",
    		"properties": {
    			"first": {
    				"description": "The first name of the person.",
    				"type": "string"
    			},
    			"preferredFirst": {
    				"description": "If the person prefers to go by some other first name besides their legal first name, capture that here.",
    				"type": "string"
    			},
    			"middle": {
    				"description": "The middle name of the person.",
    				"type": "string"
    			},
    			"last": {
    				"description": "The last name of the person.",
    				"type": "string"
    			},
    			"prefix": {
    				"description": "The prefix for the person, e.g. Dr.",
    				"type": "string"
    			},
    			"suffixes": {
    				"description": "Suffixes for this name, whether generational (Jr., Sr., III, etc.), professional (PhD, MD, etc.), or something else.",
    				"type": "array",
    				"items": {
    					"type": "string"
    				}
    	   		}
			}
		},
		   		    	 		
    	"PersonPreferences": {
    		"type": "object",
    		"title": "PersonPreferences",
    		"description": "Person-controlled preferences, not specific to any system.",
    		"properties": {
    			"primaryPhoneNumber": {
    				"description": "The relative identifier of the primary phone number",
    				"type": "integer"
    			},
    			"phoneBestTime": {
    				"description": "A string indicating the best time of day to utilize this phone number.",
    				"enum": ["MORNING","AFTERNOON","EVENING"]
    			},
    			"doNotCallFlag": {
    				"description": "Indicates whether this phone number is on a do not call registry or not.",
    				"type": "boolean"
    			},
    			"preferredLanguage": {
    				"description": "Primary language for the person.",
    				"type": "string"
    			},
    			"primaryElectronicAddress": {
    				"description": "The relative identifier of the primary electronic identifier",
    				"type": "integer"
    			},
    			"primaryPostalAddress": {
    				"description": "The relative identifier of the primary postal address",
    				"type": "integer"
    			},
    			"primaryContactMechanism": {
    				"description": "Primary contact mechanism for this person.",
    				"enum": ["ELECTRONIC","PHONE","MAIL"]
    			}
    		}
    	},    	

    	"PrescriberPreferences": {
    		"type": "object",
    		"title": "Preferences",
    		"description": "Prescriber-controlled preferences, not specific to any system.",
    		"properties": {
    			"primaryPhoneId": {
    				"description": "The id of the primary phone number to use. If we are contacting this person in their Prescriber capacity, this preference takes precedence over any Person-level preference.",
    				"type": "integer"
    			},
    			"primaryFaxId": {
    				"description": "The id of the primary fax number to use.",
    				"type": "integer"
    			},
    			"primaryPostalAddress": {
    				"description": "The id of the primary postal address to use. If we are contacting this person in their Prescriber capacity, this preference takes precedence over any Person-level preference.",
    				"type": "integer"
    			},
    			"primaryContactMechanism": {
    				"description": "Primary contact mechanism for this prescriber.",
    				"enum": ["ELECTRONIC","PHONE","MAIL"]
    			},
    		}
    	},
    	
		"RelatedPerson": {
			"type": "object",
			"title": "Related Person",
			"description": "A general purpose person object that allows a relationship to be specified.",
			"properties": {
				"resourceId": {
					"description": "The unique identifier for the related person.",
					"type": "string"
				},
    			"relationshipToPrescriber": {
    				"description": "The relationship this person has with the prescriber.",
    				"type": "string",
    				"enum": ["AGENT","COLLEAGUE"]
    			},
    			"authorizations": {
					"$ref": "#/definitions/Authorizations"
				}
 			}
 		},	
 		
 		"Authorizations": {
 			"type": "object",
 			"title": "Authorizations",
 			"description": "Authorizations related to prescriber activities to a person.",
 			"properties": {
 				"placeholder": {
 					"description": "This is merely a placeholder if we need this.",
 					"type": "string"
 				}
 			}
 		},
 		
 		"Identifier": {
 			"type": "object",
 			"title": "Identifier",
 			"description": "An identifier or credential for the prescriber.  Attributes are filled in as appropriate for the identifier, and left empty when not applicable.",
 			"properties": {
 				"value": {
 					"description": "The value for the identifier.",
 					"type": "string"
 				},
 				"issuingAgency": {
 					"description": "The issuing agency, e.g. CMS, etc.",
 					"type": "string"
 				},
 				"state": {
 					"description": "The two-letter state code for the state issuing this identifier, if applicable.",
 					"type": "string"
 				},
 				"status": {
 					"description": "The status of this identifier, if applicable.",
 					"type": "string"
 				},
 				"effectiveDate": {
 					"description": "The date when this identifier became effective.",
 					"type": "string",
 					"format": "date"
 				},
 				"expirationDate": {
 					"description": "The date when this identifier expires.",
 					"type": "string",
 					"format": "date"
 				}
 			}
 		},
 		
    	"Person": {
    		"type": "object",
    		"title": "Person",
    		"description": "A representation of a person. Outside of resourceId, this information is not stored with the Patient, but dynamically retrieved from the corresponding Patient resource at the time of retrieval.",
     		"properties": {
 				"resourceId": {
    				"description": "The internal ESI UUID for the person.",
    				"type": "string"
    			},
    			"name": {
    				"$ref": "#/definitions/PersonName"
    			},
    			"postalAddresses": {
    				"type": "array",
    				"items": {
    					"$ref": "#/definitions/PostalAddress"
    				}
    			},
    			"electronicAddresses": {
    				"type": "array",
    				"items": {
    					"$ref": "#/definitions/ElectronicAddress"
    				}
    			},
    			"phoneNumbers": {
    				"type": "array",
    				"items": {
    					"$ref": "#/definitions/PhoneNumber"
    				}
    			},
    			"ssn": {
    				"description": "The social security number of the person.",
    				"type": "string"
    			},
    			"birthDate": { 
    				"description": "The date of birth (DOB) for the person.",
    				"type": "string",
    				"format": "date"
    			},
    			"gender": {
    				"description": "The gender of the person.",
    				"type": "string"
    			},
    			"maritalStatus": {
    				"description": "The marital status of the person.",
    				"type": "string",
    				"enum": ["SINGLE","MARRIED","SEPARATED","DIVORCED","WIDOWED","OTHER","UNKNOWN"],
    			},
    			"languages": {
    				"description": "Languages spoken by the person.",
    				"type": "array",
    				"items": {
    					"$ref": "#/definitions/Language"
    				}
    			},
    			"preferences": {
    				"$ref": "#/definitions/PersonPreferences"
    			},
        		"confidentialIndicator": {
        			"description": "If set, this person's information goes over and above normal confidentiality policies",
        			"type": "boolean"
        		},
        	}
    	},
		
    	"Prescriber": {
    		"type": "object",
    		"title": "Prescriber",
    		"description": "A representation of a prescriber.",
    		"properties": {
 				"resourceId": {
    				"description": "The internal ESI UUID for the prescriber.",
    				"type": "string"
    			},
    			"links": {
    				"description": "Array of ATOM-PUB style links.  At a minimum, resources should create one entry in this collection for a 'self' link.  'rel' should have a value of 'self', 'href' would be the URL to itself.",
    				"type": "array",
    				"items": {
    					"type": "object",
    					"properties": {
    						"rel": {
    							"description": "A keyword providing context for the link.  'self' should be used for a reference to this resource.",
    							"type": "string",
    						},
    						"href": {
    							"description": "The URL for the linked item.",
    							"type": "string",
    						}
    					}
    				}
    			},
    			"person": {
    				"description": "The corresponding person resource to this prescriber.",
    				"$ref": "#/definitions/Person"
    			},
    			"mdmId": {
    				"description": "The MDM ID (Party ID) for this specific prescriber.",
    				"type": "string"
    			},
    			"npi": {
    				"description": "The NPI (National Provider Identifier) for the prescriber. CMS is the issuing agency for NPIs.",
    				"$ref": "#/definitions/Identifier"
    			},
    			"dea": {
    				"description": "The DEA (Drug Enforcement Agency) identifier for this prescriber.",
    				"$ref": "#/definitions/Identifier"
    			},
    			"deaLocationId": {
    				"description": "The DEA (Drug Enforcement Agency) location identifier for this prescriber.",
    				"type": "string"
    			},
    			"deaAuthorizations": {
    				"type": "object",
    				"properties": {
    					"schedule1": {
    						"description": "States whether or not the prescriber is authorized to prescribe Schedule I drugs.",
    						"type": boolean
    					},
    					"schedule2": {
    						"description": "States whether or not the prescriber is authorized to prescribe Schedule II drugs.",
    						"type": boolean
    					},
    					"schedule2N": {
    						"description": "States whether or not the prescriber is authorized to prescribe Schedule IIN drugs.",
							"type": boolean
						},
    					"schedule3": {
    						"description": "States whether or not the prescriber is authorized to prescribe Schedule III drugs.",
							"type": boolean
						},
    					"schedule3N": {
    						"description": "States whether or not the prescriber is authorized to prescribe Schedule IIIN drugs.",
							"type": boolean
						},
    					"schedule4": {
    						"description": "States whether or not the prescriber is authorized to prescribe Schedule IV drugs.",
							"type": boolean
						},
    					"schedule5": {
    						"description": "States whether or not the prescriber is authorized to prescribe Schedule V drugs.",
							"type": boolean
						},
					}
				},
				"stateLicenses": {
    				"type": "array",
    				"items": {
    					"$ref": "#/definitions/Identifier"
    				}
    			},
    			"spi": {
    				"description": "The SPI (SureScripts Provider Identifier) for the prescriber.",
    				"$ref": "#/definitions/Identifier"
    			},
    			"medicaidIdentifiers": {
    				"description": "The Medicaid Prescriber number for the prescriber.",
    				"type": "array",
    				"items": {
    					"$ref": "#/definitions/Identifier"
    				}
    			},
    			"upinIdentifier": {
    				"description": "The UPIN (Unique Physician Identification Number) for the prescriber.  CMS is the issuing agency for UPINs.",
    				"type": "string"
    			},
    			"militaryIdentifier": {
    				"description": "The military identifier for the prescriber, if applicable.  The DoD (Department of Defense) is the issuing agency for this.",
    				"type": "string"
    			},
    			"medicalEducationNumber": {
    				"description": "The Medical Education Number (ME#), if applicable.  The AMA (American Medical Association) is the issuing agency for this.",
    				"type": "string"
    			},
    			"preferences": {
    				"$ref": "#/definitions/PrescriberPreferences"
    			},
    			"agent": {
    				"$ref": "#/definitions/RelatedPerson"
    			},
    			"clinicIds": {
    				"description": "Array of clinic ids this prescriber is associated with.",
    				"type": "array",
    				"items": {
    					"type": "string"
    				}
    			},
    			"degrees": {
    				"description": "The professional degrees held by this prescriber.",
    				"type": "array",
    				"items": {
    					"description": "An individual degree.",
    					"type": "string"
    				}
    			},
    			"specialties": {
    				"description": "The practice specialties of this prescriber.",
    				"type": "array",
    				"items": {
    					"description": "An individual specialty.",
    					"type": "string"
    				}
    			},
    			"status": {
    				"description": "Specifies whether the prescriber is active or inactive.",
    				"enum": ["ACTIVE","INACTIVE"]
    			},
    			"verificationStatus" : {
    				"description": "Specified whether the prescriber has been verified or not.",
    				"enum": ["VERIFIED","UNVERIFIED"]
    			},
    			"enrollmentStatus": {
    				"description": "Enrollment status of the prescriber.",
    				"enum": ["ENROLLED","NOT ENROLLED"]
    			},
    			"type": {
    				"description": "Coded value for the various types of prescribers.",
    				"enum": ["MD","NP"]
    			},
    			"categorizedType": {
    				"description": "Coded value for the specialization within the type, e.g. ACNP (Adult Care Nurse Practitioner)",
    				"enum": ["ACNP", "CS"]
    			},
    			"typeDescription": {
    				"description": "A full text description for the prescriber type, with specialization, e.g. Adult Care Nurse Practitioner",
    				"type": "string"
    			}
        	}
    	},

        "Error": {
            "type": "object",
            "properties": {
                "code": {
                    "type": "integer",
                    "format": "int32"
                },
                "message": {
                    "type": "string"
                }
            }
    	}
    }
}